4905524945027,http://www.worten.pt/camara-de-video-ac-o-sony-hdr-as30.html,Câmara de Vídeo Ação SONY Hdr-As30
4905524977790,http://www.worten.pt/action-cam-sony-hdr-as100vb.html,Action Cam SONY Hdr-As100vb
8714574615790,http://www.worten.pt/maquina-fotografica-digital-canon-n100.html,Máquina Fotográfica Digital CANON N100
8714574615875,http://www.worten.pt/maquina-fotografica-digital-canon-powershot-s200.html,Máquina Fotográfica Digital CANON Powershot S200
8431016435418,http://www.worten.pt/maquina-fotografica-digital-nikon-coolpix-s3500-estoj.html,Máquina Fotográfica Digital NIKON Coolpix S3500+Estoj
4905524895179,http://www.worten.pt/mq-fotografica-compacta-sony-rx100-lente-f1-8.html,Máquina fotográfica compacta SONY RX100 PRETA
4905524919417,http://www.worten.pt/maquina-fotografica-digital-sony-dscrx1-cee8.html,Máquina Fotográfica Digital SONY DSCRX1.CEE8
4905524948684,http://www.worten.pt/maquina-fotografica-digital-sony-cyber-shot-rx100m2.html,Máquina Fotográfica Digital SONY Cyber Shot - RX100M2
4905524951264,http://www.worten.pt/camara-tipo-lente-sony-qx100-preta.html,Câmara Tipo Lente SONY Qx100 Preta
4905524981629,http://www.worten.pt/maquina-fotografica-digital-sony-h400-preto.html,Maquina Fotográfica Digital SONY H400 Preto
4713147263349,http://www.worten.pt/portatil-15-6-acer-e1-572g-54204g1td-intel-i5.html,Portátil 15.6'' ACER E1-572G-54204G1TD - Intel i5
4713147313037,http://www.worten.pt/portatil-15-6-acer-e1-572g-54204g1tdnkk-intel-i5-black.html,Portátil 15.6'' ACER E1-572G-54204G1TDnkk - Intel i5 Black
4713147320820,http://www.worten.pt/portatil-15-6-acer-e1-572g-74504g75d-intel-i7.html,Portátil 15.6'' ACER E1-572G-74504G75D - Intel i7
4713147417018,http://www.worten.pt/portatil-15-6-acer-v3-572g-77rn.html,Portátil 15.6'' ACER V3-572G-77RN
4716659759331,http://www.worten.pt/portatil-17-3-asus-k750jn-ty005h-intel-i7.html,Portátil 17.3'' ASUS K750JN-TY005H - Intel i7
4716659833222,http://www.worten.pt/portatil-15-6-asus-n550jk-cn456h.html,Portátil 15.6'' AsusN550JK-CN456H
4716659833239,http://www.worten.pt/portatil-17-3-asus-n750jk-t4192h.html,Portátil 17.3''' ASUS N750JK-T4192H
5397063654017,http://www.worten.pt/portatil-15-6-dell-inspiron-3543.html,Portátil 15.6'' DELL Inspiron 3542
5397063654024,http://www.worten.pt/portatil-15-6-dell-inspiron-5547.html,Portátil 15.6'' DELL Inspiron 5547
5397063654055,http://www.worten.pt/portatil-15-6-dell-inspiron-3542.html,Portátil 15.6'' DELL Inspiron 3542
5397063654079,http://www.worten.pt/portatil-15-6-dell-inspiron-5548.html,Portátil 15.6'' DELL Inspiron 5547
888182109311,http://www.worten.pt/portatil-15-6-hp-15-n005sp-intel-i7.html,Portátil 15.6'' HP Pavilion 15-N005SP - Intel i7
888182464144,http://www.worten.pt/portatil-15-6-hp-15-j102sp-intel-i7.html,Portátil 15.6'' HP Envy 15-J102SP - Intel i7
888182521823,http://www.worten.pt/portatil-15-6-hp-pavilion-15-n251ep-amd-a10.html,Portátil 15.6'' HP Pavilion 15-N251EP - AMD A10
888793163054,http://www.worten.pt/portatil-15-6-hp-15-j100np.html,Portátil 15.6'' HP 15-J100NP
888793355183,http://www.worten.pt/portatil-17-3-hp-17-j102np.html,Portátil 17.3'' HP 17-J102NP
888793405772,http://www.worten.pt/portatil-15-6-hp-15-j103np.html,Portátil 15.6'' HP 15-J103NP
4051528135466,http://www.worten.pt/portatil-tatil-15-6-toshiba-p50t-b-108-intel-i7.html,Portátil Tátil 15.6'' TOSHIBA P50T-B-108 - Intel i7
4051528139501,http://www.worten.pt/portatil-15-6-toshiba-l50-b-1jt.html,Portátil 15.6'' TOSHIBA L50-B-1JT
4051528139518,http://www.worten.pt/portatil-15-6-toshiba-l50-b-1ju.html,Portátil 15.6'' TOSHIBAL50-B-1JU
4051528141412,http://www.worten.pt/portatil-15-6-toshiba-p50-b-10z.html,Portátil 15.6'' TOSHIBAP50-B-10Z
4051528141511,http://www.worten.pt/portatil-tatil-15-6-toshiba-p50t-b-10t.html,Portátil Tátil 15.6'' TOSHIBA P50t-B-10T
4051528141863,http://www.worten.pt/portatil-15-6-toshibas50-b-131.html,Portátil 15.6'' TOSHIBAS50-B-131
8714574617329,http://www.worten.pt/camara-video-canon-hfr506-vuk-estojo-cart-o.html,Câmara Vídeo CANON Hfr506 Vuk ESTOJO+CARTÃO
8714574617732,http://www.worten.pt/camara-video-canon-hfr56-vuk-estojo-cart-o-tripe.html,Câmara Video CANON Hfr56 Vuk ESTOJO+CARTÃO+Tripé
5025232771202,http://www.worten.pt/camara-video-panasonic-v550.html,Câmara Vídeo PANASONIC V550
5025232771394,http://www.worten.pt/camara-video-panasonic-v130.html,Câmara Video PANASONIC V130
8806085281226,http://www.worten.pt/camara-de-video-samsung-hmx-qf30.html,Câmara vídeo SAMSUNG HMX-QF30
4905524922455,http://www.worten.pt/camera-video-sony-fdrax1eb.html,Câmara Vídeo SONY FDRAX1EB
4905524924787,http://www.worten.pt/camara-de-video-3d-sony-hdr-td30-preta.html,Camara vídeo SONY HDR-TD30 PRETA 3D
4905524969337,http://www.worten.pt/camera-video-sony-hrdpj330-preta.html,Câmara Video SONY Hrdpj330 Preta
4905524969412,http://www.worten.pt/camara-de-video-sony-hdrcx240-preta.html,Câmara de Video SONY Hdrcx240 Preta
4905524969511,http://www.worten.pt/camara-de-video-sony-hdrpj240-preta.html,Câmara de Video SONY Hdrpj240 Preta
4905524973440,http://www.worten.pt/camara-de-video-sony-hdrpj530-preta.html,Câmara de Vídeo SONY Hdrpj530 Preta
4547410262438,http://www.worten.pt/maquina-fotografica-digital-fujifilm-xp-70-azul.html,Máquina Fotográfica Digital FUJIFILM XP-70 Azul
4547410262469,http://www.worten.pt/maquina-fotografica-digital-fujifilm-xp-70-laranja.html,Máquina Fotográfica Digital FUJIFILM Xp-70 Laranja
4547410262490,http://www.worten.pt/maquina-fotografica-digital-fujifilm-xp-70-amarela.html,Máquina Fotográfica Digital FUJIFILM XP-70 Amarela
8431016110117,http://www.worten.pt/maquina-fotografica-digital-nikon-coolpix-aw110-preta.html,Máquina Fotográfica Digital NIKON Coolpix AW110 Preta
4545350046101,http://www.worten.pt/maquina-fotografica-digital-olympus-tg-835-preta.html,Maquina Fotográfica Digital OLYMPUS Tg-835 Preta
4545350046262,http://www.worten.pt/maquina-fotografica-digital-olympus-tg-850-preta.html,Máquina Fotográfica Digital OLYMPUS Tg-850 Preta
5025232724710,http://www.worten.pt/maquina-fotografica-compacta-panasonic-dmc-ft25eg-k-preto.html,Máquina fotográfica compacta PANASONIC DMC-FT25EG-K PRETO
4905524939170,http://www.worten.pt/sony-tx30-preta.html,Máquina fotográfica compacta SONY TX30 PRETO
4905524939286,http://www.worten.pt/maquina-fotografica-digital-sony-tx30-azul.html,Máquina Fotográfica Digital SONY TX30 (Azul)
4713147357857,http://www.worten.pt/portatil-15-6-acer-e1-532-35564g1-1-tb.html,Portátil 15.6'' ACER E1-532-35564G1 - 1 TB
4716659833260,http://www.worten.pt/ultrabook-asus-x553ma-xx214hr.html,Portátil 15.6'' ASUS X553MA-XX214HR
4716659833277,http://www.worten.pt/portatil-15-6-asus-x553ma-xx215hr.html,Ultrabook 15.6'' ASUS X553MA-XX215HR
4716659833284,http://www.worten.pt/portatil-15-6-asus-x553ma-xx216hr.html,Portátil 15.6'' ASUS X553MA-XX216HR
8714574621432,http://www.worten.pt/maquina-fotografica-digital-canon-ixus145-prata-sd4gb-estojo.html,Máquina Fotográfica Digital CANON Ixus145 Prata SD4GB+Estojo
8714574621449,http://www.worten.pt/maquina-fotografica-digital-canon-ixus145-preta-sd4gb-estojo.html,Máquina Fotográfica Digital CANON Ixus145 Preta Sd4gb+Estojo
8714574621456,http://www.worten.pt/maquina-fotografica-digital-canon-ixus145-vermelha-sd4gb-estojo.html,Máquina Fotográfica Digital CANON Ixus145 Vermelha SD4GB+Estojo
8714574621463,http://www.worten.pt/maquina-fotografica-digital-canon-ixus145-purple-sd4gb-estojo.html,Máquina Fotográfica Digital CANON Ixus145 Purple SD4GB+Estojo
4547410232943,http://www.worten.pt/maquina-fotografica-digital-fujifilm-jx600-prata.html,Máquina Fotográfica Digital FUJIFILM Jx600 Prata
888182109281,http://www.worten.pt/portatil-15-6-hp-15-n004sp-500-gb.html,Portátil 15.6'' HP Pavilion 15-N004SP - 500 GB
888793175941,http://www.worten.pt/portatil-15-6-hp-15-g004np.html,Portátil 15.6'' HP 15-G004NP
888793205235,http://www.worten.pt/portatil-15-6-hp-17-f050np.html,Portátil 15.6'' HP 17-F050NP
4713147263226,http://www.worten.pt/portatil-packard-bell-enle69kb-23808g1t-amd-e2-3800-8-1tb-17-3.html,Portátil PACKARD BELL ENLE69KB-23808G1T AMD E2-3800-8-1TB-17.3''
4548736725027,http://www.worten.pt/portatil-15-5-sony-sv-f1521c7ew-500gb.html,Portátil 15.5'' SONY SV-F1521C7EW - 500GB
4905524927207,http://www.worten.pt/maquina-fotografica-compacta-sony-dsc-wx80-negra-wifi.html,Máquina fotográfica compacta SONY DSC WX80 NEGRA WIFI
4905524951233,http://www.worten.pt/camara-tipo-lente-sony-qx10-preta.html,Câmara Tipo Lente SONY Qx10 Preta
4905524951240,http://www.worten.pt/camara-tipo-lente-sony-qx10-branca.html,Câmara Tipo Lente SONY Qx10 Branca
8427247084525,http://www.worten.pt/maquina-fotografica-digital-sony-w810-preta.html,Máquina Fotográfica Digital SONY W810 Preta
8427247084532,http://www.worten.pt/maquina-fotografica-digital-sony-w810-prata.html,Máquina Fotográfica Digital SONY W810 prata
8427247084549,http://www.worten.pt/maquina-fotografica-digital-sony-w810-rosa.html,Máquina Fotográfica Digital SONY W810 rosa
8427247084556,http://www.worten.pt/maquina-fotografica-digital-sony-w830-preta.html,Máquina Fotográfica Digital SONY W830 Preta
8427247084563,http://www.worten.pt/maquina-fotografica-digital-sony-w830-rosa.html,Máquina Fotográfica Digital SONY W830 rosa
8427247084570,http://www.worten.pt/maquina-fotografica-digital-sony-w830-prata.html,Máquina Fotográfica Digital SONY W830 prata
8427247084587,http://www.worten.pt/maquina-fotografica-digital-sony-w830-violeta.html,Máquina Fotográfica Digital SONY W830 violeta
4051528110845,http://www.worten.pt/portatil-15-6-toshiba-c50d-a-133-amd-e1.html,Portátil 15.6'' TOSHIBA C50D-A-133 - AMD E1
4051528135046,http://www.worten.pt/portatil-15-6-toshiba-l50-b-1ev-intel-i3.html,Portátil 15.6'' TOSHIBA L50-B-1EV - Intel i3
4051528137293,http://www.worten.pt/portatil-15-6-toshiba-c50-b-138-500-gb.html,Portátil 15.6'' TOSHIBA C50-B-138 - 500 GB
8714574526874,http://www.worten.pt/flash-canon-speedlite-430-exii.html,Flash CANON Speedlite 430 Exii
18208048083,http://www.worten.pt/flash-nikon-sb700.html,Flash Nikon SB700
8714574611839,http://www.worten.pt/maquina-fotografica-canon-eos-70d-18-200mm-is.html,Máquina Fotográfica CANON EOS 70D+18-200mm IS
8714574614038,http://www.worten.pt/maquina-fotografica-reflex-canon-eos-700d-18-55is-stm-55-250is-stm.html,Máquina Fotográfica Reflex CANON Eos 700D 18-55Is Stm+55-250Is Stm
8714574619989,http://www.worten.pt/maquina-fotografica-digital-canon-eos1200d-18-55dc-50.html,Maquina Fotográfica Digital CANON Eos1200d 18-55dc+50
8714574620121,http://www.worten.pt/maquina-fotografica-reflex-canon-eos-1200d-18-55is-vuk.html,Máquina Fotográfica Reflex CANON Eos 1200D 18-55Is Vuk
5601988107962,http://www.worten.pt/maquina-fotografica-reflex-canon-eos-7d-18-135mm-outlet.html,Máquina Fotográfica Reflex CANON EOS 7D+18-135MM OUTLET
5601988108006,http://www.worten.pt/camara-video-sony-hdr-cx350vet-hd-outlet.html,Camara Video SONY HDR-CX350VET HD OUTLET
85126884543,http://www.worten.pt/objetiva-sigma-17-70mm-2-8-4-dc-macro-hsm-canon.html,Objetiva SIGMA 17-70mm /2.8-4 DC Macro HSM P/ Canon
85126884550,http://www.worten.pt/objetiva-sigma-17-70mm-2-8-4-dc-macro-hsm-p-nikon.html,Objetiva SIGMA 17-70mm/2.8-4 DC Macro Hsm P/ Nikon
4716659742203,http://www.worten.pt/hibrido-2-em-1-10-1-asus-t100ta-dk026h-500-gb-64-gb.html,Híbrido (2 em 1) 10.1'' ASUS T100TA-DK026H - 500 GB+64 GB
4716659811916,http://www.worten.pt/hibrido-asus-t100ta-dk052hr-z3775-2-64-1.html,Hibrido ASUS T100ta-Dk052hr Z3775-2-64-1
4716659826569,http://www.worten.pt/hibrido-asus-t200ta-cp001hr-z3775-2-64-1.html,Hibrido ASUS T200ta-Cp001hr Z3775-2-64-1
887942381202,http://www.worten.pt/hibrido-2-em-1-10-1-lenovo-ideapad-miix10-atom.html,Híbrido (2 em 1) 10.1'' LENOVO IdeaPad MIIX10 - Atom
885370658736,http://www.worten.pt/hibrido-2-em-1-10-6-microsoft-surface-pro-2-128gb.html,Híbrido (2 em 1) 10.6'' MICROSOFT Surface Pro 2 - 128GB
885370658897,http://www.worten.pt/hibrido-2-em-1-10-6-microsoft-surface-pro-2-256gb.html,Híbrido (2 em 1) 10.6'' MICROSOFT Surface Pro 2 - 256GB
885370667110,http://www.worten.pt/hibrido-microsoft-surface-pro-2-512gb.html,Hibrido MICROSOFT Surface Pro 2 512gb
4051528134797,http://www.worten.pt/hibrido-2-em-1-toshiba-l30w-b-10d.html,Híbrido (2 em 1) TOSHIBA L30W-B-10D
4051528134803,http://www.worten.pt/hibrido-2-em-1-13-3-toshibap30w-b-10d.html,Híbrido (2 em 1) 13.3'' TOSHIBAP30W-B-10D
4716659815785,http://www.worten.pt/tablet-android-7-asus-me170c-1a050a.html,Tablet Android 7'' ASUS ME170C-1A050A
888440174372,http://www.worten.pt/tablet-lenovo-a10-70-10-1-16gb.html,Tablet Android 10.1'' LENOVO A10-70
885909677405,http://www.worten.pt/ipad-retina-9-7-16gb-black.html,iPad Retina 9.7'' 16GB Black
885909678877,http://www.worten.pt/ipad-mini-7-9-16-gb-white.html,IPad Mini 7.9'' 16 GB White
885909681907,http://www.worten.pt/ipad-retina-9-7-16gb-3g-black.html,iPad Retina 9.7'' 16GB 3G Black
885909681990,http://www.worten.pt/tablet-apple-9-7-ipad-retina-wifi-3g-16gb-white.html,iPad Retina 9.7'' 16GB 3G White
885909686018,http://www.worten.pt/ipad-mini-7-9-64gb-3g-black.html,IPad Mini 7.9'' 64GB 3G Black
885909686667,http://www.worten.pt/ipad-mini-7-9-16gb-3g-white.html,IPad Mini 7.9'' 16GB 3G White
885909762613,http://www.worten.pt/ipad-mini-retina-7-9-128gb-space-gray.html,iPad Mini Retina 7.9'' 128GB Space Gray
885909766024,http://www.worten.pt/tablet-apple-7-9-retina-apple-me860-128gb-wifi-silver.html,iPad Mini Retina 7.9'' 128GB Silver
885909769070,http://www.worten.pt/ipad-mini-retina-7-9-64gb-silver.html,iPad Mini Retina 7.9'' 64GB Silver
885909769414,http://www.worten.pt/tablet-apple-7-9-retina-apple-me278-64gb-wifi-space-gray.html,iPad Mini Retina 7.9'' 64GB Space Gray
885909769766,http://www.worten.pt/ipad-mini-retina-7-9-32gb-silver.html,iPad Mini Retina 7.9'' 32GB Silver
885909770113,http://www.worten.pt/ipad-mini-retina-7-9-32gb-space-gray.html,iPad Mini Retina 7.9'' 32GB Space Gray
885909770441,http://www.worten.pt/ipad-mini-retina-7-9-16gb-silver.html,iPad Mini Retina 7.9'' 16GB Silver
885909770793,http://www.worten.pt/ipad-mini-retina-7-9-16gb-space-gray.html,iPad Mini Retina 7.9'' 16GB Space Gray
885909772049,http://www.worten.pt/tablet-apple-9-7-apple-md785-16gb-wifi-space-gray.html,iPad Air 9.7'' 16GB Space Gray
885909772377,http://www.worten.pt/tablet-apple-9-7-apple-md786-32gb-wif-space-gray.html,iPad Air 9.7'' 32GB Space Gray
885909772681,http://www.worten.pt/tablet-apple-9-7-apple-md787-64gb-wifi-space-gray.html,iPad Air 9.7'' 64GB Space Gray
885909773015,http://www.worten.pt/ipad-air-9-7-16gb-silver.html,iPad Air 9.7'' 16GB Silver
885909773329,http://www.worten.pt/tablet-apple-9-7-apple-md789-32gb-wifi-silver.html,iPad Air 9.7'' 32GB Silver
885909773657,http://www.worten.pt/ipad-air-9-7-64gb-silver.html,iPad Air 9.7'' 64GB Silver
885909774760,http://www.worten.pt/tablet-apple-9-7-apple-me906-128gb-wifi-silver.html,iPad Air 9.7'' 128GB Silver
885909793228,http://www.worten.pt/tablet-apple-9-7-apple-md791-16gb-3g-wifi-space-gray.html,iPad Air 9.7'' 16GB 3G Space Gray
885909793525,http://www.worten.pt/ipad-air-9-7-32-gb-3g-space-gray.html,iPad Air 9.7'' 32 GB 3G Space Gray
885909796526,http://www.worten.pt/ipad-air-9-7-64gb-3g-space-gray.html,iPad Air 9.7'' 64GB 3G Space Gray
885909796823,http://www.worten.pt/ipad-air-9-7-16gb-3g-silver.html,iPad Air 9.7'' 16GB 3G Silver
885909797127,http://www.worten.pt/ipad-air-9-7-32gb-3g-silver.html,iPad Air 9.7'' 32GB 3G Silver
885909797424,http://www.worten.pt/ipad-air-9-7-64gb-3g-silver.html,iPad Air 9.7'' 64GB 3G Silver
885909798032,http://www.worten.pt/ipad-air-9-7-128gb-3g-silver.html,iPad Air 9.7'' 128GB 3G Silver
885909812813,http://www.worten.pt/ipad-mini-retina-7-9-16gb-3g-space-gray.html,iPad Mini Retina 7.9'' 16GB 3G Space Gray
885909813124,http://www.worten.pt/ipad-mini-retina-7-9-16gb-3g-silver.html,iPad Mini Retina 7.9'' 16GB 3G Silver
885909813728,http://www.worten.pt/tablet-apple-7-9-apple-me820-32gb.html,iPad Mini Retina 7.9'' 32GB 3G Space Gray
885909814299,http://www.worten.pt/tablet-apple-7-9-apple-me824-32gb.html,iPad Mini Retina 7.9'' 32GB 3G Silver
885909814657,http://www.worten.pt/ipad-mini-retina-7-9-64gb-3g-space-gray.html,iPad Mini Retina 7.9'' 64GB 3G Space Gray
885909814961,http://www.worten.pt/tablet-apple-7-9-apple-me832-64gb.html,iPad Mini Retina 7.9'' 64GB 3G Silver
885909815289,http://www.worten.pt/tablet-apple-7-9-apple-me836-128gb.html,iPad Mini Retina 7.9'' 128GB 3G Space Gray
885909815593,http://www.worten.pt/tablet-apple-7-9-apple-me840-128gb.html,iPad Mini Retina 7.9'' 128GB 3G Silver
885909853687,http://www.worten.pt/ipad-mini-7-9-16gb-3g-space-gray.html,iPad Mini 7.9'' 16GB 3G Space Gray
4547410227109,http://www.worten.pt/maquina-fotografica-digital-fujifilm-x-e1-xf-18-55mm.html,Máquina Fotográfica Digital FUJIFILM X-E1 + XF 18-55MM
4545350046187,http://www.worten.pt/maquina-fotografica-digital-olympus-e-m10-14-42-ez-preta.html,Máquina Fotográfica Digital OLYMPUS E-M10 14-42 EZ PRETA
5025232654208,http://www.worten.pt/mq-fotografica-slr-entry-panasonic-lumix-dmc-gx1xec-k.html,Máquina fotográfica CSC PANASONIC LUMIX DMC-GX1XEC-K
8806085645608,http://www.worten.pt/maquina-fotografica-digital-samsung-nx300-18-55-branca.html,Máquina fotográfica CSC SAMSUNG NX300 18-55MM BRANCA
8806085995239,http://www.worten.pt/maquina-fotografica-samsung-ev-nxf1zzb1hpt.html,Maquina Fotográfica SAMSUNG EV-NXF1ZZB1HPT
8806086333764,http://www.worten.pt/maquina-fotografica-digital-samsung-nx3000-preta.html,Máquina Fotográfica Digital SAMSUNG Nx3000 Preta
4905524974393,http://www.worten.pt/maquina-fotografica-digital-sony-a6000-16-50mm-preta.html,Máquina Fotográfica Digital SONY A6000 + 16-50mm PRETA
8427247083795,http://www.worten.pt/maquina-fotografica-digital-sony-nex3.html,Máquina Fotográfica Digital SONY Nex3
8427247084662,http://www.worten.pt/maquina-fotografica-digital-sony-alpha-5000-preta-8gb-bolsa.html,Máquina Fotográfica Digital SONY Alpha 5000 Preta 8gb+bolsa
8714574542584,http://www.worten.pt/maquina-fotografica-digital-canon-eos-7d-corpo-18-mp.html,Máquina fotográfica Reflex CANON EOS 7D CORPO
8714574570921,http://www.worten.pt/maquina-fotografica-reflex-canon-eos-600d-ef-s-18-55mm-is-ef-s-55-250mm-is.html,Máquina fotográfica Reflex CANON EOS 600D EF-S 18-55MM IS + EF-S 55-250MM IS
8714574583266,http://www.worten.pt/maquina-fotografica-reflex-canon-eos-5d-mark-iii-corpo.html,Máquina fotográfica Reflex CANON EOS 5D MARK III CORPO
8714574583341,http://www.worten.pt/maquina-fotografica-canon-eos-5d-mark-iii-ef-24-105.html,Máquina fotográfica CANON EOS 5D Mark III+EF 24-105
8714574593807,http://www.worten.pt/maquina-fotografica-reflex-canon-eos-6d-ef-24-105mm.html,Máquina fotográfica Reflex CANON EOS 6D EF 24-105MM
8714574602417,http://www.worten.pt/maquina-fotografica-reflex-canon-700d-corpo.html,Máquina fotográfica Reflex CANON EOS 700D BODY
8714574602677,http://www.worten.pt/maquina-fotografica-reflex-canon-eos-100d-body.html,Máquina fotográfica Reflex CANON EOS 100D BODY
8714574604978,http://www.worten.pt/maquina-fotografica-canon-eos-100d-c-18-55is-vuk.html,Máquina Fotográfica CANON EOS 100D 18-55IS VUK
8714574604992,http://www.worten.pt/maquina-fotografica-reflex-canon-eos-700d-18-55is-stm-vuk.html,Máquina Fotográfica Reflex CANON Eos 700D 18-55Is Stm Vuk
8714574610610,http://www.worten.pt/maquina-fotografica-reflex-canon-eos-70d-corpo.html,Máquina Fotográfica Reflex CANON Eos 70D Corpo
8714574610689,http://www.worten.pt/maquina-fotografica-canon-eos-70d-18-55mm-is-stm.html,Máquina Fotográfica CANON EOS 70D 18-55mm IS STM
8714574620381,http://www.worten.pt/maquina-fotografica-reflex-canon-eos-1200d-18-55-75-300-vuk.html,Máquina Fotográfica Reflex CANON Eos 1200D 18-55+75-300 Vuk
4547410252064,http://www.worten.pt/online-description-5178372.html,Máquina Fotográfica CSC FUJIFILM X-M1 16-50mm Preta
18208924936,http://www.worten.pt/maquina-fotografica-reflex-nikon-d600.html,Máquina fotográfica Reflex NIKON D600
18208934744,http://www.worten.pt/maquina-fotografica-reflex-nikon-d7100-afs-dx18-105g.html,Máquina fotográfica reflex NIKON D7100 + AFS DX18/105G
18208935697,http://www.worten.pt/maquina-fotografica-reflex-nikon-d5300-afs-dx-18-55g-vr.html,Máquina Fotográfica Reflex NIKON D5300 + Afs Dx 18/55G Vr
18208937424,http://www.worten.pt/maquina-fotografica-reflex-nikon-d610.html,Máquina Fotográfica Reflex NIKON D610
8431016310234,http://www.worten.pt/maquina-fotografica-reflex-nikon-d3100-18-55mm-55-200mm-vr.html,Máquina fotográfica Reflex NIKON D3100 18-55MM + 55-200MM VR
8431016310296,http://www.worten.pt/maquina-fotografica-reflex-nikon-d3100-afs-dx-18-55gii.html,Máquina Fotográfica Reflex NIKON D3100+AFS DX 18/55GII
8431016320547,http://www.worten.pt/maquina-fotografica-reflex-nikon-d3200-18-55mm-g-livro-bolsa.html,Máquina fotográfica Reflex NIKON D3200 + 18-55MM G + Livro + Bolsa
8431016330010,http://www.worten.pt/maquina-fotografica-digital-nikon-d3300-18-55vrii-liv-est-tr.html,Máquina Fotográfica Digital NIKON D3300 18/55VRII+LIV+EST+TR
8431016330058,http://www.worten.pt/maquina-fotografica-nikon-d3300-18-55vrii-55-200vrmo-li-c.html,Máquina Fotográfica NIKON D3300 18/55VRII+55/200VRMO+LI+C
8431016851591,http://www.worten.pt/maquina-fotografica-reflex-nikon-d5100-afs-dx-18-55mm-g.html,Máquina fotográfica Reflex NIKON D5100 AFS DX 18-55MM G
8431016852970,http://www.worten.pt/maquina-fotografica-reflex-nikon-d5200-18-55mm-55-200mm-vr.html,Máquina fotográfica Reflex NIKON D5200 + 18-55MM VR + 55-200MM VR
4905524807073,http://www.worten.pt/maquina-fotografica-reflex-sony-alpha-a77-18-55mm.html,Máquina fotográfica Reflex SONY Alpha A77 + 18-55MM
4905524958485,http://www.worten.pt/maquina-fotografica-reflex-sony-a7r-corpo.html,Máquina Fotográfica Reflex SONY A7r Corpo
8427247083801,http://www.worten.pt/maquina-fotografica-reflex-sony-slta58-18-55mm.html,Máquina fotográfica Reflex SONY SLTA58 + 18-55MM
4960999989372,http://www.worten.pt/maquina-fotografica-superzoom-canon-powershot-sx510hs.html,Máquina Fotográfica Superzoom CANON Powershot Sx510hs
8714574598628,http://www.worten.pt/maquina-fotografica-superzoom-canon-powershot-sx280hs-preta.html,Máquina fotográfica Superzoom CANON Powershot SX280HS Preta
8714574610030,http://www.worten.pt/maquina-fotografica-digital-canon-powershot-sx-170-is.html,Máquina Fotográfica Digital CANON Powershot SX 170 IS
8714574616032,http://www.worten.pt/maquina-fotografica-digital-canon-powershot-sx600hs-preta.html,Máquina Fotográfica Digital CANON Powershot Sx600hs Preta
8714574619323,http://www.worten.pt/maquina-fotografica-digital-canon-powershot-sx600hs-preta-vuk-bolsa-tripe.html,Máquina Fotográfica Digital CANON Powershot Sx600hs PRETA Vuk Bolsa + Tripé
8714574619576,http://www.worten.pt/maquina-fotografica-digital-canon-ixus-155-prata-4gb-sd-card-estojo.html,Máquina Fotográfica Digital CANON Ixus 155 Prata 4GB SD CARD + Estojo
8714574619620,http://www.worten.pt/maquina-fotografica-digital-canon-ixus-155-preta-4gb-sd-card-estojo.html,Máquina Fotográfica Digital CANON Ixus 155 Preta 4GB SD CARD + Estojo
8714574619675,http://www.worten.pt/maquina-fotografica-digital-canon-ixus-155-azul-4gb-sd-card-estojo.html,Máquina Fotográfica Digital CANON Ixus 155 Azul 4GB SD CARD + Estojo
8714574619729,http://www.worten.pt/maquina-fotografica-digital-canon-ixus-155-rosa-4gb-sd-card-estojo.html,Máquina Fotográfica Digital CANON Ixus 155 Rosa 4GB SD CARD + Estojo
4547410195897,http://www.worten.pt/maquina-fotografica-digital-fujifilm-s4300.html,Máquina Fotográfica Digital FUJIFILM S4300
4547410262643,http://www.worten.pt/maquina-fotografica-digital-fuifilm-finepix-s1.html,Máquina Fotográfica Digital FUIFILM Finepix S1
4547410262681,http://www.worten.pt/maquina-fotografica-digital-fuifilm-finepix-s9400w.html,Máquina Fotográfica Digital FUIFILM Finepix S9400W
4547410262957,http://www.worten.pt/maquina-fotografica-digital-fujifilm-finepix-s8600.html,Máquina Fotográfica Digital FUJIFILM Finepix S8600
8431016330515,http://www.worten.pt/maquina-fotografica-digital-nikon-coolpix-l330-estojo.html,Máquina Fotográfica Digital NIKON COOLPIX L330+Estojo
8431016660018,http://www.worten.pt/maquina-fotografica-digital-nikon-coolpix-p600-est-liv.html,Máquina Fotográfica Digital NIKON COOLPIX P600 EST+LIV
8431016830510,http://www.worten.pt/maquina-fotografica-digital-nikon-coolpix-l830-estojo-livro.html,Máquina Fotográfica Digital NIKON Coolpix L830 + Estojo + Livro
4545350045630,http://www.worten.pt/maquina-fotografica-digital-olympus-sh-60-preta.html,Máquina Fotográfica Digital OLYMPUS Sh-60 Preta
4545350046255,http://www.worten.pt/maquina-fotografica-digital-olympus-sp-100ee-preta.html,Máquina Fotográfica Digital OLYMPUS Sp-100ee Preta
4545350046385,http://www.worten.pt/maquina-fotografica-digial-olympus-sz-17-preta.html,Maquina Fotográfica Digial OLYMPUS Sz-17 Preta
5025232775248,http://www.worten.pt/maquina-fotografica-digital-panasonic-lumix-sz8.html,Máquina Fotográfica Digital PANASONIC Lumix Sz8
5025232775378,http://www.worten.pt/maquina-fotografica-digital-panasonic-lumix-tz60-preta-prata.html,Máquina Fotográfica Digital PANASONIC Lumix TZ60 Preta&Prata
5025232775507,http://www.worten.pt/maquina-fotografica-digital-panasonic-lumix-lz40.html,Máquina Fotográfica Digital PANASONIC Lumix Lz40
5025232775613,http://www.worten.pt/maquina-fotografica-digital-panasonic-lumix-tz55.html,Máquina Fotográfica Digital PANASONIC Lumix Tz55
27075210813,http://www.worten.pt/maquina-fotografica-superzoom-pentax-optio-rz18-preta.html,Máquina fotográfica Superzoom PENTAX Optio RZ18 Preta
8806085297883,http://www.worten.pt/maquina-fotografica-digital-samsung-galaxy-ek-gc100-azul.html,Máquina fotográfica digital SAMSUNG GALAXY EK-GC100 - Azul
8806085626690,http://www.worten.pt/maquina-fotografica-superzoom-samsung-galaxy-ek-gc110zkatph.html,Máquina fotográfica Superzoom SAMSUNG GALAXY EK-GC110ZKATPH
8806085921276,http://www.worten.pt/maquina-fotografica-digital-samsung-wm350f-branca.html,Maquina Fotográfica Digital SAMSUNG WB350f Branca
8806085921412,http://www.worten.pt/maquina-fotografica-digital-samsung-wm350f-castanha.html,Máquina Fotográfica Digital SAMSUNG WB350f Castanha
8806085921511,http://www.worten.pt/maquina-fotografica-digital-samsung-wb1100f-preta.html,Máquina Fotográfica Digital SAMSUNG Wb1100F Preta
8806085922211,http://www.worten.pt/maquina-fotografica-digital-samsung-wb50f-flash-preta.html,Máquina Fotográfica Digital SAMSUNG Wb50F Flash PRETA
8806085922648,http://www.worten.pt/maquina-fotografica-samsung-wb2200bpb.html,Máquina Fotográfica SAMSUNG Wb2200bpb
8806085998025,http://www.worten.pt/maquina-fotografica-digital-samsung-galaxy-gc200-wifi-preto.html,Máquina Fotográfica Digital SAMSUNG Galaxy GC200 WiFi Preto
8806085998049,http://www.worten.pt/maquina-fotografica-digital-samsung-galaxy-gc200-wifi-branco.html,Máquina Fotográfica Digital SAMSUNG Galaxy GC200 WiFi Branco
8806086002073,http://www.worten.pt/maquina-fotografica-digital-samsung-wm350-preta.html,Maquina Fotográfica Digital SAMSUNG WB350 Preta
8806086100601,http://www.worten.pt/maquina-fotografica-digital-samsung-wb352f-branca-sd-estojo.html,Máquina Fotográfica Digital SAMSUNG Wb352f Branca SD+ESTOJO
8806086100670,http://www.worten.pt/maquina-fotografica-digital-samsung-wb352f-castanha-sd-estojo.html,Máquina Fotográfica Digital SAMSUNG Wb352F Castanha SD+ESTOJO
8806086100694,http://www.worten.pt/maquina-fotografica-digital-samsung-wb352f-preta-sd-estojo.html,Máquina Fotográfica Digital SAMSUNG Wb352f PRETA SD+ESTOJO
8806086103619,http://www.worten.pt/maquina-fotografica-digital-samsung-wb37f-preta-sd-estojo.html,Máquina Fotográfica Digital SAMSUNG Wb37F PRETA SD+ESTOJO
4905524936711,http://www.worten.pt/maquina-fotografica-superzoom-sony-cyber-shot-dsc-hx300b.html,Máquina fotográfica Superzoom SONY Cyber-shot DSC-HX300B
4905524980189,http://www.worten.pt/maquina-fotografica-digital-sony-hx60.html,Máquina Fotográfica Digital SONY HX60
4905524981056,http://www.worten.pt/maquina-fotografica-digital-sony-wx350-preta.html,Máquina Fotográfica Digital SONY Wx350 Preta
4905524981094,http://www.worten.pt/maquina-fotografica-digital-sony-wx350-branca.html,Máquina Fotográfica Digital SONY WX350 Branca
4713147263301,http://www.worten.pt/portatil-11-6-acer-v5-123-12102g32nkk-amd-e1.html,Portátil 11.6'' ACER V5-123-12102G32nkk - AMD E1
4716659615361,http://www.worten.pt/hibrido-2-em-1-11-6-asus-tx201la-cq003h-intel-i7.html,Híbrido (2 em 1) 11.6'' ASUS TX201LA-CQ003H - Intel i7
887758705162,http://www.worten.pt/portatil-touch-11-6-hp-pavilion-11-e000sp-amd-a4.html,Portátil Touch 11.6'' HP Pavilion 11-E000SP - AMD A4
888182592014,http://www.worten.pt/portatil-touch-11-6-hp-pavilion-11-e100sp-amd-a4.html,Portátil Touch 11.6'' HP Pavilion 11-E100SP - AMD A4
888182730409,http://www.worten.pt/portatil-touch-11-6-hp-pavilion-11-n000ep-500gb-red.html,Portátil Touch 11.6'' HP Pavilion 11-N000EP - 500GB RED
888182909171,http://www.worten.pt/portatil-touch-10-1-hp-pavilion-10-e001sp-500gb.html,Portátil Touch 10.1'' HP Pavilion 10-E001SP - 500GB
887770905809,http://www.worten.pt/portatil-tatil-11-6-lenovo-ideapad-yoga-11s-intel-i3.html,Portátil Tátil 11.6'' LENOVO IDEAPAD YOGA 11S - Intel i3
885370757941,http://www.worten.pt/hibrido-2-em-1-12-microsoft-surface-pro-3-128-gb.html,Híbrido (2 em 1) 12'' MICROSOFT SURFACE PRO 3 - 128 GB
885370758108,http://www.worten.pt/hibrido-2-em-1-12-microsoft-surface-pro-3-256-gb-1.html,Híbrido (2 em 1) 12'' MICROSOFT SURFACE PRO 3 - 256 GB
885370809336,http://www.worten.pt/hibrido-2-em-1-12-microsoft-surface-pro-3-256-gb.html,Híbrido (2 em 1) 12'' MICROSOFT SURFACE PRO 3 - 256 GB
4051528107791,http://www.worten.pt/portatil-11-6-toshiba-nb10t-a-101-intel-celeron.html,Portátil 11.6' TOSHIBA NB10T-A-101 - Intel Celeron
4051528117578,http://www.worten.pt/portatil-tatil-11-6-toshiba-nb10t-a-10f-intel-celeron.html,Portátil Tátil 11.6 TOSHIBA NB10t-A-10F - Intel Celeron
4051528117608,http://www.worten.pt/portatil-tatil-11-6-toshiba-nb10t-a-10g-intel-pentium.html,Portátil Tátil 11.6 TOSHIBA NB10t-A-10G - Intel Pentium
4960999214078,http://www.worten.pt/objectiva-canon-zoom-teleobjectiva-ef-75-300mm-iii.html,Objetiva CANON EF-75-300 mm III F/4.5-5.6
8806085309159,http://www.worten.pt/lt-objectiva-samsung-nx-45mm-preta.html,Objetiva SAMSUNG NX 45mm Preta
4905524920666,http://www.worten.pt/objetiva-sony-a-mount-sam-ii-3-8-55mm-f3-5-5-6.html,"Objetiva SONY A-Mount Sam II 3,8-55MM F3,5-5,6"
4960999841113,http://www.worten.pt/online-description-5129401.html,Objetiva CANON EF-S 18-135mm IS STM
885909583010,http://www.worten.pt/apple-macbook-pro-13-md101-intel-i5.html,Apple Macbook Pro 13'' MD101 - Intel i5
885909722358,http://www.worten.pt/apple-macbook-air-11-6-md712-intel-i5.html,Apple Macbook AIR 11.6'' MD712 - Intel i5
885909723492,http://www.worten.pt/apple-macbook-air-13-3-md761-intel-i5.html,Apple Macbook AIR 13.3'' MD761 - Intel i5
885909851591,http://www.worten.pt/apple-macbook-pro-13-3-apple-me864-128gb.html,Apple Macbook Pro 13.3'' APPLE ME864 - 128GB
885909852055,http://www.worten.pt/apple-macbook-pro-13-3-apple-me865-256gb.html,Apple Macbook Pro 13.3'' APPLE ME865 - 256GB
885909942367,http://www.worten.pt/apple-macbook-air-11-md712po-b-intel-i5.html,Apple Macbook AIR 11'' MD712PO/B - Intel i5
885909942817,http://www.worten.pt/apple-macbook-air-13-md760po-b-intel-i5.html,Apple Macbook AIR 13'' MD760PO/B - Intel i5
885909943265,http://www.worten.pt/apple-macbook-air-13-md761po-b-intel-i5.html,Apple Macbook AIR 13'' MD761PO/B - Intel i5
888462030137,http://www.worten.pt/macbook-pro-13-retina-i5-2-6-256gb-mgx82.html,Apple Macbook Pro 13'' Retina MGX82
888462030595,http://www.worten.pt/macbook-pro-13-retina-i5-2-8-512gb-mgx92.html,Apple Macbook Pro 13'' Retina MGX92
888462031059,http://www.worten.pt/macbook-pro-15-retina-i7-2-2-256gb-mgxa2.html,Apple Macbook Pro 13'' Retina MGXA2
888462031516,http://www.worten.pt/macbook-pro-15-retina-i7-2-5-512gb-mgxc2.html,Apple Macbook Pro 13'' Retina MGXC2
5601988174124,http://www.worten.pt/apple-macbook-air-13-z0nz002en-intel-i5.html,Apple Macbook AIR 13'' Z0NZ002EN - Intel i5
5601988181245,http://www.worten.pt/apple-macbook-air-13-z0p00004w.html,Apple Macbook AIR 13''Z0P00004W
5601988181795,http://www.worten.pt/apple-macbook-air-13-applez0p0004q2.html,Apple Macbook AIR 13'' AppleZ0P0004Q2
5601988185120,http://www.worten.pt/apple-macbook-air-11-applez0ny000e8.html,Apple Macbook AIR 11'' APPLEZ0NY000E8
5601988194221,http://www.worten.pt/macbook-pro13-retina-mgx92-i7-3-0-16-1tb.html,Macbook Pro13 Retina MGX92 i7 3.0 16 1TB
5601988194320,http://www.worten.pt/macbook-air-13-z0nz000em-87369.html,Apple Macbook AIR 13'' Z0P0/Bf
5601988194931,http://www.worten.pt/macbook-air-11-z0nx001ma.html,Macbook AIR 11'' Z0NX001MA
5601988194948,http://www.worten.pt/apple-macbook-air-11-z0nx000fj.html,Macbook AIR 11'' Z0NX000FJ
5601988194955,http://www.worten.pt/macbook-air-11-z0ny-bd.html,Macbook AIR 11'' Z0NY/Bd
5601988194962,http://www.worten.pt/apple-macbook-air-11-z0ny002ng.html,Apple Macbook AIR 11'' Z0NY002NG
5601988194979,http://www.worten.pt/apple-macbook-air-11-z0ny-be.html,Apple Macbook AIR 11'' Z0NY/Be
5601988194986,http://www.worten.pt/macbook-air-11-z0ny-bf.html,Macbook AIR 11'' Z0NY/Bf
5601988194993,http://www.worten.pt/macbook-air-11-z0ny-bg.html,Macbook AIR 11'' Z0NY/Bg
5601988195006,http://www.worten.pt/macbook-air-11-z0ny0009l.html,Macbook AIR 11'' Z0NY0009L
5601988195013,http://www.worten.pt/apple-macbook-air-13-z0nz-bc.html,Apple Macbook AIR 13'' Z0NZ/Bc
5601988195020,http://www.worten.pt/macbook-air-13-z0nz000em.html,Macbook AIR 13'' Z0NZ000EM
5601988195037,http://www.worten.pt/macbook-air-13-z0p0004u2.html,Macbook AIR 13'' Z0P0004U2
5601988195044,http://www.worten.pt/apple-macbook-air-13-z0p0-bg.html,Apple Macbook AIR 13'' Z0P0/Bg
5601988195051,http://www.worten.pt/macbook-air-13-z0p0-bh.html,Macbook AIR 13'' Z0P0/Bh
5601988196140,http://www.worten.pt/macbook-pro-15-retina-apple-z0rcf.html,Macbook Pro 15'' Retina APPLE Z0RCf
5601988196409,http://www.worten.pt/macbook-pro-13-retina-mgx72-16gb.html,Macbook Pro 13 Retina MGX72 16GB
5601988196416,http://www.worten.pt/macbook-pro-13-retina-mgx72-1.html,Macbook Pro 13 Retina MGX72
5601988196423,http://www.worten.pt/macbook-pro-13-retina-mgx72.html,Macbook Pro 13 Retina MGX72
5601988196430,http://www.worten.pt/macbook-pro-13-retina-apple-z0r9d.html,Macbook Pro 13'' Retina Apple Z0R9d
5601988196447,http://www.worten.pt/macbook-pro-13-retina-apple-z0r9e.html,Macbook Pro 13'' Retina Apple Z0R9e
5601988196454,http://www.worten.pt/macbook-pro-13-retina-apple-z0ra0005w.html,Macbook Pro 13 Ret MGX82
5601988196461,http://www.worten.pt/macbook-pro-13-retina-apple-z0rad.html,Macbook Pro 13'' Retina Apple Z0RAd
5601988196478,http://www.worten.pt/macbook-pro-13-retina-apple-z0ra000py.html,Macbook Pro 13'' Retina Apple Z0RA000PY
5601988196485,http://www.worten.pt/macbook-pro-13-retina-apple-z0rae.html,Apple Macbook Pro 13'' Retina Apple Z0RAe
5601988196492,http://www.worten.pt/macbook-pro-13-retina-apple-z0ra0004k.html,Macbook Pro 13'' Retina Apple Z0RA0004K
5601988196515,http://www.worten.pt/macbook-pro-13-retina-apple-z0rbc.html,Macbook Pro 13'' Retina Apple Z0RBC
5601988196522,http://www.worten.pt/macbook-pro-13-retina-apple-z0rbd.html,Macbook Pro 13'' Retina Apple Z0RBd
5601988196539,http://www.worten.pt/macbook-pro-13-retina-apple-z0rbe.html,Macbook Pro 13'' Retina Apple Z0RBe
5601988196546,http://www.worten.pt/macbook-pro-13-retina-apple-z0rbf.html,Macbook Pro 13'' Retina Apple Z0RBf
5601988196553,http://www.worten.pt/macbook-pro-13-retina-apple-z0rbg.html,Macbook Pro 13'' Retina Apple Z0RBg
5601988196560,http://www.worten.pt/macbook-pro-13-retina-apple-z0rbb.html,Apple Macbook Pro 13'' Retina Apple Z0RBb
5601988196577,http://www.worten.pt/macbook-pro-15-retina-apple-z0rc00059.html,Macbook Pro 15'' Retina Apple Z0RC00059
5601988196584,http://www.worten.pt/apple-macbook-pro-15-retina-apple-z0rcb.html,Apple Macbook Pro 15'' Retina Apple Z0RCb
5601988196591,http://www.worten.pt/macbook-pro-15-retina-apple-z0rcc.html,Apple Macbook Pro 15'' Retina Apple Z0RCc
5601988196607,http://www.worten.pt/macbook-pro-15-retina-apple-z0rcd.html,Macbook Pro 15'' Retina Apple Z0RCd
5601988196614,http://www.worten.pt/macbook-pro-15-retina-apple-z0rce.html,Apple Macbook Pro 15'' Retina Apple Z0RCe
5601988196621,http://www.worten.pt/macbook-pro-15-retina-apple-z0rcg.html,Macbook Pro 15'' Retina Apple Z0RCg
5601988196638,http://www.worten.pt/macbook-pro-15-retina-apple-z0ech.html,Macbook Pro 15'' Retina Apple Z0ECh
5601988196645,http://www.worten.pt/macbook-pro-15-retina-apple-z0rd000kt.html,Apple Macbook Pro 15'' Retina Apple Z0RD000KT
5601988196652,http://www.worten.pt/macbook-pro-15-retina-apple-z0rdb.html,Macbook Pro 15'' Retina Apple Z0RDb
5601988196669,http://www.worten.pt/macbook-pro-15-retina-apple-z0rd000qh.html,Macbook Pro 15'' Retina Apple Z0RD000QH
4713147156269,http://www.worten.pt/portatil-11-6-acer-v5-122p-42154g50nss-amd-a4.html,Portátil 11.6'' ACER V5-122P-42154G50NSS - AMD A4
4713147353149,http://www.worten.pt/hibrido-2-em-1-10-1-acer-sw5-011-13bl-32gb-500gb.html,Híbrido (2 em 1) 10.1'' ACER SW5-01X - 32GB+500GB
4713147489565,http://www.worten.pt/portatil-15-6-acer-e5-571-38kf.html,Portátil 15.6'' ACER E5-571-38KF
4713147489602,http://www.worten.pt/portatil-15-6-acer-e5-521-45ul.html,Portátil 15.6 ACER E5-521-45UL
885909941919,http://www.worten.pt/apple-macbook-air-11-md711po-b-intel-i5.html,Apple Macbook Air 11'' MD711PO/B - Intel i5
888462029674,http://www.worten.pt/macbook-pro-13-retina-i5-2-6-128gb-mgx72.html,Apple Macbook Pro 13'' Retina MGX72
4716659727880,http://www.worten.pt/portatil-14-asus-k450jn-wx005h-intel-i7.html,Portátil 14'' ASUS K450JN-WX005H - Intel i7
4716659742197,http://www.worten.pt/hibrido-2-em-1-10-1-asus-t100ta-dk024h-64-gb-64-10.html,Híbrido (2 em 1) 10.1'' ASUS T100TA-DK024H - 64 GB-64-10
4716659811923,http://www.worten.pt/portatil-15-6-asus-x552ldv-sx752hr.html,Portátil 15.6'' ASUS X552LDV-SX752HR
4716659825050,http://www.worten.pt/portatil-15-6-asusk550jk-xo014h.html,Portátil 15.6'' AsusK550JK-XO014H
4716659833192,http://www.worten.pt/portatil-15-6-asus-x551mav-sx806h.html,Portátil 15.6'' AsusX551MAV-SX806H
4716659833208,http://www.worten.pt/portatil-15-6-asus-x552ldvsx1004hr.html,Portátil 15.6'' ASUS X552LDVSX1004HR
4716659833246,http://www.worten.pt/hibrido-13-3-asus-tp300ld-c4024hr.html,Híbrido 13.3'' ASUS TP300LD-C4024HR
4716659833291,http://www.worten.pt/portatil-15-6-asus-x552ldv-sx949h.html,Portátil 15.6'' AsusX552LDV-SX949H
888793175767,http://www.worten.pt/portatil-15-6-hp-15-j102np.html,Portátil 15.6'' HP 15-J102NP
888793205303,http://www.worten.pt/portatil-15-6-hp-15-r005np.html,Portátil 15.6'' HP 15-R005NP
888793205310,http://www.worten.pt/portatil-tatil-13-3-hp-13-a002np.html,Portátil Tátil 13.3'' HP 13-A002NP
888793405826,http://www.worten.pt/portatil-15-6-hp-15-p053np.html,Portátil 15.6'' HP 15-p053np
888793405864,http://www.worten.pt/portatil-15-6-hp-15-g009np.html,Portátil Tátil 15.6'' HP 15-g009np
885370808889,http://www.worten.pt/hibrido-2-em-1-12-microsoft-surface-pro-3-64-gb.html,Híbrido (2 em 1) 12'' MICROSOFT SURFACE PRO 3 - 64 GB
4051528134865,http://www.worten.pt/hibrido-2-em-1-13-3-toshibap30w-b-102.html,Híbrido (2 em 1) 13.3'' TOSHIBA P30W-B-102
4051528141191,http://www.worten.pt/portatil-15-6-toshiba-l50d-b-13x.html,Portátil 15.6'' TOSHIBA L50D-B-13X
4051528141399,http://www.worten.pt/portatil-15-6-toshibap50-b-10v.html,Portátil 15.6'' TOSHIBAP50-B-10V
4051528141627,http://www.worten.pt/portatil-15-6-toshiba-s70-b-110.html,Portátil 15.6'' TOSHIBAS70-B-110
4051528141955,http://www.worten.pt/ultrabook-tatil-13-3-toshiba-kira-10.html,Ultrabook Tátil 13.3'' TOSHIBA KIRA-10
4051528148145,http://www.worten.pt/portatil-15-6-toshiba-c50d-b-11r.html,Portátil 15.6'' TOSHIBA C50D-B-11R
4716659737384,http://www.worten.pt/portatil-gaming-17-3-asus-g750js-t4073h-intel-i7.html,Portátil Gaming 17.3'' ASUS G750JS-T4073H - Intel i7
4716659737391,http://www.worten.pt/portatil-gaming-17-3-asus-g750jz-t4057h-intel-i7.html,Portátil Gaming 17.3'' ASUS G750JZ-T4057H - Intel i7
4716659833413,http://www.worten.pt/portatil-gaming-17-3-asusg750js-t4173h.html,Portátil Gaming 17.3'' AsusG750JS-T4173H
4716659833420,http://www.worten.pt/portatil-gaming-17-3-asus-g750jz-t4162hr.html,Portátil Gaming 17.3'' ASUS G750JZ-T4162HR
5397063614042,http://www.worten.pt/portatil-gaming-alienware-14-i5-4200-8-1tb-80gb.html,Portátil Gaming ALIENWARE 14 I5 4200-8-1tb+80gb
5397063614059,http://www.worten.pt/portatil-gaming-18-4-alienware-18-1-tb-80-gb.html,Portátil Gaming 18.4'' ALIENWARE 18 - 1 TB+80 GB
5397063614066,http://www.worten.pt/portatil-gaming-17-3-alienware-17-1tb-256-gb-ssd.html,Portátil Gaming 17.3'' ALIENWARE 17 - 1TB+256 GB SSD
4051528122893,http://www.worten.pt/portatil-gaming-17-3-toshiba-x70-a-12x-intel-i7.html,Portátil Gaming 17.3'' TOSHIBA X70-A-12X - Intel i7
4960999212722,http://www.worten.pt/objetiva-canon-ef-50-mm-1-8-ii.html,Objetiva CANON EF-50 mm 1.8 II
4960999214238,http://www.worten.pt/objetiva-canon-ef100mm-2-8-macro.html,Objetiva CANON EF100MM - 2.8 Macro
4960999240169,http://www.worten.pt/online-description-canon.html,Objetiva CANON Ef-S 17-85 Is Usm
4960999689500,http://www.worten.pt/objectiva-canon-zoom-teleobjectiva-efs-18-55mm.html,Objetiva CANON EFS 18-55 mm F/3.5-5.6 II
4960999780719,http://www.worten.pt/objetiva-canon-ef24-70-2-8l-ii-usm.html,Objetiva CANON EF24-70 2.8l Ii USM
18208022007,http://www.worten.pt/objetiva-nikon-af-s-dx-micro-40mm-f-2-8g.html,Objetiva NIKON AF-S DX Micro 40mm F/2.8G
3700092628119,http://www.worten.pt/tablet-android-7-85-storex-tab785d11-m.html,Tablet Android 7.85'' STOREX TAB785D11-M
4894461063935,http://www.worten.pt/tablet-android-7-alcatel-pop-7-preto.html,Tablet Android 7'' ALCATEL POP 7
4894461063942,http://www.worten.pt/tablet-android-7-alcatel-pop-7-branco.html,Tablet Android 7'' ALCATEL POP 7
4894461063959,http://www.worten.pt/tablet-android-8-alcatel-pop-8-preto.html,Tablet Android 8'' ALCATEL POP 8 Preto
4894461063966,http://www.worten.pt/tablet-android-8-alcatel-pop-8-4-gb-black.html,Tablet Android 8'' ALCATEL POP 8 Branco
4713147198726,http://www.worten.pt/tablet-android-7-acer-b1-720-16-gb-silver-black.html,Tablet Android 7'' ACER B1-720
4713147414888,http://www.worten.pt/tablet-android-7-acer-a1-713hd-k8ej.html,Tablet Android 7'' ACER A1-713HD-K8EJ
4713147479023,http://www.worten.pt/tablet-android-7-ips-acer-b1-730hd-8gb.html,Tablet Android 7'' IPS ACER B1-730HD 8GB
885909774104,http://www.worten.pt/ipad-air-9-7-128gb-space-gray.html,iPad Air 9.7'' 128GB Space Gray
4716659588849,http://www.worten.pt/tablet-android-7-asus-nexus7-2013-16gb.html,Tablet Android 7'' IPS ASUS Google Nexus 2013
4716659588863,http://www.worten.pt/tablet-android-7-asus-nexus7-32-gb-4gb.html,Tablet Android 7'' IPS ASUS Google Nexus 2013
4716659596486,http://www.worten.pt/tablet-android-7-asus-memopad-hd-quad-core-8gb.html,Tablet Android 7'' ASUS ME173X
4716659596516,http://www.worten.pt/tablet-android-10-1-asus-tf701t-32gb.html,Tablet Android 10.1'' ASUS TF701T C/DOCK
4716659688167,http://www.worten.pt/tablet-android-7-asus-fonepad7-me175cg-8-gb-3g.html,Tablet Android 7'' ASUS FonePad7 ME175CG
4716659766520,http://www.worten.pt/tablet-android-7-ips-asus-me176cx-1b016a.html,Tablet Android 7'' IPS ASUS ME176CX-1B016A
4716659766537,http://www.worten.pt/tablet-android-7-ips-asus-me176cx-1c014a.html,Tablet Android 7'' IPS ASUS ME176CX-1C014A
4716659766544,http://www.worten.pt/tablet-android-7-ips-asus-me176cx-1d014a.html,Tablet Android 7'' IPS ASUS ME176CX-1D014A
4716659766551,http://www.worten.pt/tablet-android-7-ips-asus-me176cx-1e014a.html,Tablet Android 7'' IPS ASUS ME176CX-1E014A
4716659766568,http://www.worten.pt/tablet-android-7-ips-asus-me176c-1a029a-1.html,Tablet Android 7'' IPS ASUS ME176C-1A029A
4716659766582,http://www.worten.pt/tablet-android-7-ips-asus-me176c-1a029a.html,Tablet Android 7'' IPS ASUS ME176C-1A029A
4716659766605,http://www.worten.pt/tablet-android-8-asus-me181c-1b015a.html,Tablet Android 8'' Asus ME181C-1B015A
4716659766629,http://www.worten.pt/tablet-android-10-1-ips-1280x800-asus-tf103c-1a042a-dock.html,Tablet Android 10.1'' ASUS Transformer Pad TF103C-1A042A C\Dock
4716659766636,http://www.worten.pt/tablet-android-10-1-asus-tf303cl-1d016a.html,Tablet Android 10.1'' ASUS TF303CL-1D016A
4716659815839,http://www.worten.pt/tablet-android-10-1-asus-tf103cg-1a061a.html,Tablet Android 10.1'' ASUS TF103CG-1A061A
5706751019449,http://www.worten.pt/tablet-android-9-7-denver-tad-97052-8g.html,Tablet Android 9.7'' DENVER TAD-97052 8G
5706751020506,http://www.worten.pt/tablet-android-7-denver-tad-70092-8-gb-black.html,Tablet Android 7'' DENVER TAD 70092
5706751020513,http://www.worten.pt/tablet-android-7-denver-tad-70092-8-gb-white.html,Tablet Android 7'' DENVER TAD 70092
5706751020520,http://www.worten.pt/tablet-android-7-denver-tad-70092-8-gb-blue.html,Tablet Android 7'' DENVER TAD 70092
5706751021220,http://www.worten.pt/online-description-5268412.html,Tablet Android 8'' DENVER TAQ 8002
5706751021305,http://www.worten.pt/tablet-android-10-1-denver-taq-10043-16-gb.html,Tablet Android 10.1'' DENVER TAQ 10043
5706751021312,http://www.worten.pt/tablet-denver-tad-70102g-8gb.html,Tablet Android 7'' DENVER TAD 70102G
887758698235,http://www.worten.pt/tablet-hp-10-h001sp-10-1.html,Tablet Android 10.1'' HP 10-H001 - C/ teclado - 32GB
888182570296,http://www.worten.pt/tablet-android-10-hp-slate-3500-16-gb.html,Tablet Android 10'' HP SLATE 3500
888182649688,http://www.worten.pt/tablet-android-7-hp-1301-8-gb.html,Tablet Android 7'' HP 1301
888182701317,http://www.worten.pt/tablet-android-10-hp-slate-3603-16-gb-3g.html,Tablet Android 10'' HP SLATE 303
888182737255,http://www.worten.pt/tablet-android-7-hp-3403-16-gb-3g-silver.html,Tablet Android 7'' HP 3403
888793547656,http://www.worten.pt/tablet-hp-2201np-10-1-16gb.html,Tablet Android 10.1'' HP 2201np
5604008005521,http://www.worten.pt/tablet-android-10-1-insys-l3-m1015g-8-gb.html,Tablet Android 10.1'' INSYS L3-M1015G
5604008009987,http://www.worten.pt/tablet-android-10-1-insys-h3-11q1-16-gb.html,Tablet Android 10.1'' INSYS H3-11Q1
887942606411,http://www.worten.pt/tablet-android-7-lenovo-a1000l-f.html,Tablet Android 7'' LENOVO A1000L-F
887942752194,http://www.worten.pt/tablet-android-8-lenovo-yoga-b6000af16gsl-se-16gb-wifi.html,Tablet Android 8'' LENOVO YOGA B000AF1GSL-SE
887942752835,http://www.worten.pt/tablet-android-8-lenovo-yoga-b6000ah16gsl-16gb-3g.html,Tablet Android 8'' LENOVO YOGA B000AH1GSL
887942754136,http://www.worten.pt/tablet-android-10-1-lenovo-yoga-b8000af16-16-gb.html,Tablet Android 10.1'' LENOVO YOGA B8000AF1
887942755553,http://www.worten.pt/tablet-android-10-1-lenovo-yoga-b8000ah16-16gb-3g.html,Tablet Android 10.1'' LENOVO YOGA B8000AH1
3380743039411,http://www.worten.pt/tablet-kids-7-lexibook-mfc142pt-one-4gb.html,Tablet Kids 7'' LexiBook MFC142PT ONE
5603583079064,http://www.worten.pt/tablet-kids-10-1-magalhaes-mg-5t-16gb.html,Tablet Kids 10.1'' MAGALHÃES MG 5T
3700020513401,http://www.worten.pt/tablet-android-8-memup-sp-ng804dc-sd32.html,Tablet Android 8'' MEMUP SP-NG804DC
3700020513425,http://www.worten.pt/tablet-android-9-7-memup-sp-ng9708dc-sd64.html,Tablet Android 9.7'' MEMUP SP-NG9708DC
3700020513548,http://www.worten.pt/tablet-android-7-85-memup-sp-elite-785-16gb.html,Tablet Android 7.85'' MEMUP SP-ELITE-785
3700020513579,http://www.worten.pt/tablet-android-8-1-memup-ng808dc-3d-8gb.html,Tablet Android 8.1'' MEMUP NG808DC-3D
5901885241135,http://www.worten.pt/tablet-android-7-modecom-7001-hd-ic.html,Tablet Android 7'' MODECOM 7001-HD-IC
5606628816884,http://www.worten.pt/tablet-android-8-ips-ntech-rx4dc3g-rk3066-8-gb.html,Tablet Android 8'' IPS NTECH RX4DC
5606628817782,http://www.worten.pt/tablet-android-7-ntech-thor-phone-wifi-3g.html,Tablet Android 7'' NTECH THOR PhoneTab
5606628817805,http://www.worten.pt/tablet-android-7-85-ntech-alexis-mini-mx4qc3g-8-gb.html,Tablet Android 7.85'' NTECH ALEXIS MINI - MX4QC
5606628817836,http://www.worten.pt/tablet-android-8-ntech-alexis-rx4-qc-8-gb.html,Tablet Android 8'' NTECH ALEXIS RX4 QC
8806085711969,http://www.worten.pt/tablet-android-8-samsung-galaxy-tab3-wifi-16gb-white.html,Tablet Android 8'' SAMSUNG GALAXY TAB3
8806085856035,http://www.worten.pt/tablet-samsung-tab3-8-16-gb.html,Tablet Android 8'' SAMSUNG GALAXY TAB3
8806085856622,http://www.worten.pt/tablet-android-12-2-samsung-note-pro-32-gb-black.html,Tablet Android 12.2'' SAMSUNG GALAXY NOTE PRO
8806085916210,http://www.worten.pt/tablet-android-10-1-samsung-note-ii-2014-wifi-16gb.html,Tablet Android 10.1'' SAMSUNG GALAXY NOTE II 2014
8806085950238,http://www.worten.pt/tablet-android-10-1-samsung-galaxy-note-2014.html,Tablet Android 10.1'' SAMSUNG GALAXY NOTE 2014
8806086243162,http://www.worten.pt/tablet-android-8-4-samsung-tab-s-4g.html,Tablet Android 8.4'' SAMSUNG TAB S 4G White
8806086263832,http://www.worten.pt/tablet-android-10-5-samsung-tab-s-4g-white.html,Tablet Android 10.5'' SAMSUNG TAB S 4G White
8806086288750,http://www.worten.pt/tablet-android-8-4-samsung-tab-s.html,Tablet Android 8.4'' SAMSUNG TAB S 4G Bronze
8806086288934,http://www.worten.pt/tablet-android-8-4-samsung-tab-s-bronze.html,Tablet Android 8.4'' SAMSUNG TAB S Bronze
8806086289702,http://www.worten.pt/tablet-android-10-5-samsung-tab-s-4g.html,Tablet Android 10.5'' SAMSUNG TAB S 4G Bronze
8806086289795,http://www.worten.pt/tablet-android-10-5-samsung-tab-s-bronze.html,Tablet Android 10.5'' SAMSUNG TAB S Bronze
8806086322843,http://www.worten.pt/tablet-android-7-samsung-galaxy-tab-3-lite.html,Tablet Android 7'' SAMSUNG GALAXY TAB 3 LITE
8806086322850,http://www.worten.pt/tablet-android-7-samsung-galaxy-tab-3-lite-83908.html,Tablet Android 7'' SAMSUNG GALAXY TAB 3 LITE
8806086322867,http://www.worten.pt/tablet-android-7-samsung-galaxy-tab-3-lite-83909.html,Tablet Android 7'' SAMSUNG GALAXY TAB 3 LITE
7311271464884,http://www.worten.pt/tablet-android-10-1-sony-sg-p511e2-16-gb.html,Tablet Android 10.1'' SONY Xperia Z2
7311271464907,http://www.worten.pt/tablet-android-10-1-sony-sg-p512e2-32-gb-1.html,Tablet Android 10.1'' SONY Xperia Z2
7311271464914,http://www.worten.pt/tablet-android-10-1-sony-sg-p521e2-16-gb-4g.html,Tablet Android 10.1'' SONY Xperia Z2
7311271473008,http://www.worten.pt/tablet-android-10-1-sony-xperia-z2-sgp511-c-dock.html,Tablet Android 10.1'' SONY Xperia Z2 SGP511 c/ Dock
3700092622995,http://www.worten.pt/tablet-storex-tab7d14-s-7-4gb.html,Tablet STOREX Tab7d14-S 7'' 4GB
3700092626368,http://www.worten.pt/tablet-android-storex-tab10q11-m-8-gb.html,Tablet Android 10'' STOREX TAB10Q11-M
3700092626887,http://www.worten.pt/tablet-android-8-storex-tab8d11s.html,Tablet Android 8'' STOREX TAB8D11S
3700092628218,http://www.worten.pt/tablet-android-7-85-storex-tab785d11-s-8-gb.html,Tablet Android 7.85'' STOREX TAB785D11-S - 8 GB
3700092629819,http://www.worten.pt/tablet-kids-7-storex-looney-tab-8-gb.html,Tablet Android 7'' STOREX LOONEY TAB 7
4713147247370,http://www.worten.pt/tablet-android-7-9-acer-a1-830-25601g01-16-gb.html,Tablet Android 7.9'' Acer A1-830
4713147394562,http://www.worten.pt/tablet-android-7-acer-b1-730hd-108b.html,Tablet Android 7'' ACER B1-730HD-108B
4713147401567,http://www.worten.pt/tablet-android-7-acer-a1-713-k02m.html,Tablet Android 7'' ACER A1-713-K02M
4713147410347,http://www.worten.pt/tablet-android-8-acer-a1-840fhd-19s6.html,Tablet Android 8'' ACER A1-840FHD-19S6
4716659766513,http://www.worten.pt/tablet-android-7-ips-asus-me176cx-1a016a.html,Tablet Android 7'' IPS ASUS ME176CX-1A016A
4716659766599,http://www.worten.pt/tablet-android-8-asus-me181c-1a016a.html,Tablet Android 8'' Asus ME181C-1A016A
4716659766612,http://www.worten.pt/tablet-android-10-1-ips-asus-tf103c-1a041a.html,Tablet Android 10.1'' Asus Transformer Pad TF103C-1A042A - Android 4.4
5706751020537,http://www.worten.pt/tablet-android-7-denver-tad-70092-8-gb-pink.html,Tablet Android 7'' DENVER TAD 70092
5706751021329,http://www.worten.pt/tablet-android-denver-tad-97072g-wi-fi-3g-8-gb.html,Tablet Android 9'' DENVER TAD 97072G
5706751021749,http://www.worten.pt/tablet-android-7-denver-tad-70112-8-gb.html,Tablet Android 7'' DENVER TAD 701
888182645338,http://www.worten.pt/tablet-android-8-hp-1401.html,Tablet Android 8'' HP 1401
8806084963543,http://www.worten.pt/tablet-android-10-1-lg-gpad-10-1.html,Tablet Android 10.1'' LG GPad 10.1
885370621877,http://www.worten.pt/tablet-10-6-microsoft-surface-rt-2-64gb.html,Tablet Windows RT 10.6'' MICROSOFT Surface 2
8806086135726,http://www.worten.pt/tablet-android-10-1-samsung-galaxy-tab-4.html,Tablet Android 10.1'' SAMSUNG GALAXY TAB 4
8806086228220,http://www.worten.pt/tablet-android-7-samsung-tab-4-white.html,Tablet Android 7'' SAMSUNG GALAXY TAB 4
8806086263726,http://www.worten.pt/tablet-android-10-5-samsung-tab-s-white.html,Tablet Android 10.5'' SAMSUNG TAB S White
8806086265782,http://www.worten.pt/tablet-android-8-4-samsung-tab-s-8-4-white.html,Tablet Android 8.4'' SAMSUNG TAB S White
3700092624678,http://www.worten.pt/tablet-android-10-1-storex-tab10d12-s-8-gb.html,Tablet Android 10.1'' STOREX TAB10D-S
3700092627150,http://www.worten.pt/tablet-android-storex-tab7q11-m-8-gb.html,Tablet Android 7'' STOREX TAB7Q11-M
3700092628256,http://www.worten.pt/tablet-android-7-85-storex-tab785d12-s.html,Tablet Android 7.85'' STOREX TAB785D12-S
4051528146431,http://www.worten.pt/tablet-windows-8-toshiba-wt8-b-102.html,Tablet Windows 8'' TOSHIBA WT8-B-102
8806084956842,http://www.worten.pt/tablet-android-7-lg-g-pad-7-black.html,Tablet Android 7'' LG G Pad 7
8806084956859,http://www.worten.pt/tablet-android-7-lg-g-pad-7-white.html,Tablet Android 7'' LG G Pad 7
8806084963550,http://www.worten.pt/tablet-android-8-lg-gpad-8.html,Tablet Android 8'' LG GPad 8
8806084963567,http://www.worten.pt/tablet-android-8-lg-gpad-8-85938.html,Tablet Android 8'' LG GPad 8
8806084965158,http://www.worten.pt/tablet-android-10-1-lg-gpad-10-2.html,Tablet Android 10.1'' LG GPad 10.1
8806084965981,http://www.worten.pt/tablet-android-10-1-lg-gpad-10-1-85967.html,Tablet Android 10.1'' LG GPad 10.1
8806086006651,http://www.worten.pt/tablet-android-7-samsung-tab-3-lite-73859.html,Tablet Android 7'' SAMSUNG GALAXY TAB 3 LITE
8806086006668,http://www.worten.pt/tablet-android-7-samsung-tab-3-lite.html,Tablet Android 7'' SAMSUNG GALAXY TAB 3 LITE
8806086135696,http://www.worten.pt/tablet-android-10-1-samsung-tab-4-black.html,Tablet Android 10.1'' SAMSUNG GALAXY TAB 4
8806086228213,http://www.worten.pt/tablet-android-7-samsung-tab-4-black.html,Tablet Android 7'' SAMSUNG GALAXY TAB 4
8806086246750,http://www.worten.pt/tablet-samsung-tab4-10-1-16gb-preto-4g.html,Tablet SAMSUNG Tab4 10.1'' 16gb Preto 4g
8806086246958,http://www.worten.pt/tablet-samsung-tab4-10-1-16gb-branco-4g.html,Tablet SAMSUNG Tab4 10.1'' 16gb Branco 4g
4960999214085,http://www.worten.pt/objectiva-canon-ef75-300-u-iii-usm-m.html,Objetiva CANON EF 75-300 mm U III USM
4960999214207,http://www.worten.pt/objetiva-canon-ef-70-200mm-f-4l-usm.html,Objetiva CANON EF 70-200 mm F/4L USM
4960999272368,http://www.worten.pt/objectiva-canon-zoom-teleobjectiva-ef-70-300mm-is-usm.html,Objetiva CANON EF 70-300 mm F4-5.6 IS USM
4960999575056,http://www.worten.pt/objetiva-canon-ef-s-18-200-mm-3-5-5-6-is.html,Objetiva CANON EF-S 18-200 mm 3.5-5.6 IS
4960999575070,http://www.worten.pt/objetiva-canon-ef-70-200mm-2-8-is.html,Objetiva CANON EF 70-200mm 2.8 IS
4960999635255,http://www.worten.pt/objectiva-canon-zoom-standard-ef-s-18-135mm-is.html,Objectiva Canon ZOOM Standard EF-S 18-135mm IS
85126508555,http://www.worten.pt/objectiva-sigma-zoom-teleobjectiva-dg-apo-m-70-300mm.html,"Objetiva SIGMA 70-300 mm / 4-5, 6APO DG P/ Nikon"
85126509279,http://www.worten.pt/objectiva-sigma-zoom-teleobjectiva-dg-macro-70-300mm-1.html,Objetiva SIGMA 70-300 mm / 4-5.6 DG P/ Canon
4905524854787,http://www.worten.pt/objetiva-sony-alpha-dt-55-300mm-f4-5-5-6-sam.html,Objetiva SONY Alpha-DT 55-300mm F4.5-5.6 SAM
4051528136678,http://www.worten.pt/ultrabook-13-3-toshiba-z30t-a-10l-256-gb-ssd.html,Ultrabook 13.3'' TOSHIBA Z30T-A-10L - 256 GB SSD
4713147068432,http://www.worten.pt/hibrido-2-em-1-8-acer-w4-820-z3742g0-32gb.html,Tablet Windows 8'' ACER W4-820-Z3742G0
4716659620624,http://www.worten.pt/hibrido-2-em-1-8-asus-m80ta-dl004h-64gb.html,Tablet Windows 8'' ASUS M80TA-DL004H
4051528146691,http://www.worten.pt/tablet-windows-10-1-toshiba-wt10-a-102.html,Tablet Windows 10.1'' TOSHIBA WT10-A-102
885370621044,http://www.worten.pt/tablet-windows-rt-10-6-microsoft-surface-2.html,Tablet Windows RT 10.6'' MICROSOFT Surface 2
