name,id,old,new
ckitchen.com,397487,Adcraft,Adcraft
tigerchef.com,397489,Adcraft,Adcraft
wasserstrom.com,397491,Admiral Craft,Adcraft
culinarydepotinc.com,397507,Adcraft,Adcraft
foodservicewarehouse.com,397493,Admiral Craft,Adcraft
acitydiscount.com,397497,Adcraft,Adcraft
webstaurantstore.com,397499,Adcraft,Adcraft
instawares.com,397505,Admiral Craft - Adcraft,Adcraft
culinarydepotinc.com,397507,Alfa,Alfa International
wasserstrom.com,397491,Allied Metal Spinning,Allied Metal
lionsdeal.com,397495,Allied Metal,Allied Metal
ablekitchen.com,397501,Allied,Allied Metal
katom.com,397503,Allied Metal Spinning,Allied Metal
instawares.com,397505,Allied Metal Spinning,Allied Metal
ckitchen.com,397487,Amana,Amana
tigerchef.com,397489,Amana,Amana
wasserstrom.com,397491,Amana,Amana
culinarydepotinc.com,397507,Amana,Amana
foodservicewarehouse.com,397493,Amana,Amana
acitydiscount.com,397497,"ACP , Inc",Amana
webstaurantstore.com,397499,Amana Commercial,Amana
katom.com,397503,ACP Amana,Amana
instawares.com,397505,Amana,Amana
tigerchef.com,397489,American Range,American Range
lionsdeal.com,397495,American Range,American Range
acitydiscount.com,397497,American Range,American Range
katom.com,397503,American Range,American Range
instawares.com,397505,American Range Corp.,American Range
tigerchef.com,397489,Ateco,Ateco
webstaurantstore.com,397499,Ateco,Ateco
katom.com,397503,Ateco,Ateco
ckitchen.com,397487,Bakers Pride,Bakers Pride
tigerchef.com,397489,Bakers Pride,Bakers Pride
wasserstrom.com,397491,Bakers Pride Oven,Bakers Pride
culinarydepotinc.com,397507,Bakers Pride,Bakers Pride
foodservicewarehouse.com,397493,Bakers Pride,Bakers Pride
acitydiscount.com,397497,Bakers Pride,Bakers Pride
webstaurantstore.com,397499,Bakers Pride,Bakers Pride
ablekitchen.com,397501,Bakers Pride Restaurant Equipment,Bakers Pride
katom.com,397503,Bakers Pride,Bakers Pride
instawares.com,397505,Bakers Pride,Bakers Pride
ckitchen.com,397487,Beverage Air,Beverage Air
tigerchef.com,397489,Beverage Air,Beverage Air
wasserstrom.com,397491,Beverage-Air,Beverage Air
culinarydepotinc.com,397507,Beverage Air,Beverage Air
foodservicewarehouse.com,397493,Beverage Air,Beverage Air
acitydiscount.com,397497,Beverage-Air,Beverage Air
webstaurantstore.com,397499,Beverage Air,Beverage Air
katom.com,397503,Beverage Air,Beverage Air
instawares.com,397505,Beverage-Air,Beverage Air
tigerchef.com,397489,Blodgett,Blodgett
wasserstrom.com,397491,Blodgett Oven and Steam,Blodgett
culinarydepotinc.com,397507,Blodgett,Blodgett
foodservicewarehouse.com,397493,Blodgett,Blodgett
acitydiscount.com,397497,Blodgett,Blodgett
webstaurantstore.com,397499,Blodgett,Blodgett
ablekitchen.com,397501,Blodgett Commercial Restaurant Ovens,Blodgett
katom.com,397503,Blodgett,Blodgett
instawares.com,397505,Blodgett Ovens,Blodgett
tigerchef.com,397489,Browne-Halco,Browne-Halco
wasserstrom.com,397491,Browne Foodservice,Browne-Halco
foodservicewarehouse.com,397493,Browne-Halco,Browne-Halco
acitydiscount.com,397497,Browne-Halco,Browne-Halco
ablekitchen.com,397501,Browne-Halco,Browne-Halco
katom.com,397503,Browne Foodservice,Browne-Halco
instawares.com,397505,Browne-Halco,Browne-Halco
tigerchef.com,397489,Bunn-O-Matic,Bunn-O-Matic
wasserstrom.com,397491,Bunn,Bunn-O-Matic
foodservicewarehouse.com,397493,Bunn,Bunn-O-Matic
lionsdeal.com,397495,Bunn-O-MATIC CORPORATION,Bunn-O-Matic
acitydiscount.com,397497,Bunn,Bunn-O-Matic
webstaurantstore.com,397499,Bunn,Bunn-O-Matic
ablekitchen.com,397501,BunnOMatic,Bunn-O-Matic
katom.com,397503,Bunn-O-Matic,Bunn-O-Matic
instawares.com,397505,Bunn,Bunn-O-Matic
instawares.com,397505,Bunn Coffee,Bunn-O-Matic
tigerchef.com,397489,CAC China,CAC China
wasserstrom.com,397491,CAC China,CAC China
culinarydepotinc.com,397507,CAC China,CAC China
lionsdeal.com,397495,CAC China,CAC China
webstaurantstore.com,397499,CAC China,CAC China
katom.com,397503,CAC International,CAC China
tigerchef.com,397489,Cambro,Cambro
wasserstrom.com,397491,Cambro,Cambro
culinarydepotinc.com,397507,Cambro,Cambro
foodservicewarehouse.com,397493,Cambro,Cambro
acitydiscount.com,397497,Cambro,Cambro
webstaurantstore.com,397499,Cambro,Cambro
ablekitchen.com,397501,Cambro,Cambro
katom.com,397503,Cambro,Cambro
instawares.com,397505,Cambro,Cambro
tigerchef.com,397489,Cardinal,Cardinal
wasserstrom.com,397491,Cardinal International,Cardinal
lionsdeal.com,397495,Cardinal,Cardinal
webstaurantstore.com,397499,Cardinal International,Cardinal
ablekitchen.com,397501,Cardinal,Cardinal
instawares.com,397505,Cardinal International,Cardinal
instawares.com,397505,Cardinal Brands Inc.,Cardinal
instawares.com,397505,Cardinal,Cardinal
ckitchen.com,397487,Carlisle,Carlisle
tigerchef.com,397489,Carlisle,Carlisle
wasserstrom.com,397491,Carlisle,Carlisle
culinarydepotinc.com,397507,Carlisle,Carlisle
foodservicewarehouse.com,397493,Carlisle,Carlisle
lionsdeal.com,397495,CARLISLE FOODSERVICE PRODUCTS,Carlisle
acitydiscount.com,397497,Carlisle,Carlisle
webstaurantstore.com,397499,Carlisle,Carlisle
ablekitchen.com,397501,Carlisle Foodservice Supplies,Carlisle
katom.com,397503,Carlisle,Carlisle
instawares.com,397505,Carlisle,Carlisle
instawares.com,397505,Carlisle Food Service Products,Carlisle
tigerchef.com,397489,Cat Cora,Cat Cora
tigerchef.com,397489,Chef Revival,Chef Revival
wasserstrom.com,397491,Chef Revival,Chef Revival
wasserstrom.com,397491,San Jamar,Chef Revival
culinarydepotinc.com,397507,San Jamar - Chef Revival,Chef Revival
foodservicewarehouse.com,397493,BVT/Chef Revival,Chef Revival
acitydiscount.com,397497,San Jamar / Chef Revival,Chef Revival
webstaurantstore.com,397499,Chef Revival,Chef Revival
katom.com,397503,San Jamar,Chef Revival
instawares.com,397505,San Jamar,Chef Revival
tigerchef.com,397489,Chefwear,Chefwear
wasserstrom.com,397491,Chefwear,Chefwear
tigerchef.com,397489,Continental Refrigerator,Continental Refrigerator
wasserstrom.com,397491,Continental Refrigeration,Continental Refrigerator
foodservicewarehouse.com,397493,Continental Refrigerator,Continental Refrigerator
acitydiscount.com,397497,Continental Refrigerator,Continental Refrigerator
ablekitchen.com,397501,Continental Refrigeration,Continental Refrigerator
instawares.com,397505,Continental Refrigerator,Continental Refrigerator
tigerchef.com,397489,CresCor,CresCor
wasserstrom.com,397491,Crescor,CresCor
culinarydepotinc.com,397507,CresCor,CresCor
acitydiscount.com,397497,Cres-Cor,CresCor
webstaurantstore.com,397499,Cres Cor,CresCor
katom.com,397503,Cres Cor,CresCor
instawares.com,397505,Cres Cor,CresCor
tigerchef.com,397489,Crestware,Crestware
wasserstrom.com,397491,Crestware,Crestware
lionsdeal.com,397495,Crestware,Crestware
acitydiscount.com,397497,Crestware,Crestware
ablekitchen.com,397501,Crestware,Crestware
katom.com,397503,Crestware,Crestware
instawares.com,397505,Crestware,Crestware
tigerchef.com,397489,Dexter Russell,Dexter Russell
wasserstrom.com,397491,Dexter Russell Cutlery,Dexter Russell
culinarydepotinc.com,397507,Dexter Russell,Dexter Russell
foodservicewarehouse.com,397493,Dexter-Russell,Dexter Russell
lionsdeal.com,397495,DEXTER RUSSELL,Dexter Russell
acitydiscount.com,397497,Dexter Russell,Dexter Russell
webstaurantstore.com,397499,Dexter Russell,Dexter Russell
ablekitchen.com,397501,Royal Indusries,Dexter Russell
ablekitchen.com,397501,Dexter-Russell,Dexter Russell
katom.com,397503,Dexter Russell,Dexter Russell
instawares.com,397505,Dexter Russell,Dexter Russell
tigerchef.com,397489,Eastern Tabletop Inc.,Eastern Tabletop Inc.
culinarydepotinc.com,397507,Eastern Tabletop,Eastern Tabletop Inc.
foodservicewarehouse.com,397493,Eastern Tabletop,Eastern Tabletop Inc.
lionsdeal.com,397495,Eastern Tabletop,Eastern Tabletop Inc.
ablekitchen.com,397501,Eastern Tabletop,Eastern Tabletop Inc.
instawares.com,397505,Eastern Tabletop,Eastern Tabletop Inc.
tigerchef.com,397489,EMI Yoshi Inc.,EMI Yoshi Inc.
wasserstrom.com,397491,EMI Yoshi,EMI Yoshi Inc.
foodservicewarehouse.com,397493,EMI Yoshi,EMI Yoshi Inc.
instawares.com,397505,EMI Yoshi,EMI Yoshi Inc.
tigerchef.com,397489,F. Dick Corp.,F. Dick Corp.
wasserstrom.com,397491,Friedr. Dick,F. Dick Corp.
lionsdeal.com,397495,F. Dick,F. Dick Corp.
acitydiscount.com,397497,F. Dick,F. Dick Corp.
ablekitchen.com,397501,Friedr. Dick,F. Dick Corp.
katom.com,397503,Friedrick Dick,F. Dick Corp.
instawares.com,397505,F. Dick,F. Dick Corp.
tigerchef.com,397489,Fineline Settings,Fineline Settings
webstaurantstore.com,397499,Fineline,Fineline Settings
tigerchef.com,397489,Focus,Focus
wasserstrom.com,397491,Focus Foodservice,Focus
wasserstrom.com,397491,Focus Products,Focus
foodservicewarehouse.com,397493,Focus Foodservice,Focus
acitydiscount.com,397497,Focus,Focus
ablekitchen.com,397501,Focus Foodservice,Focus
katom.com,397503,Focus,Focus
instawares.com,397505,Focus Foodservice,Focus
instawares.com,397505,Focus Products Group LLC,Focus
tigerchef.com,397489,Food Machinery of America,Food Machinery of America
culinarydepotinc.com,397507,Omcan,Food Machinery of America
acitydiscount.com,397497,OMCAN - FMA,Food Machinery of America
webstaurantstore.com,397499,Omcan FMA,Food Machinery of America
instawares.com,397505,Omcan Inc./ Food Machinery of America,Food Machinery of America
tigerchef.com,397489,G.E.T. Enterprises,G.E.T. Enterprises
wasserstrom.com,397491,G.E.T. Enterprises,G.E.T. Enterprises
foodservicewarehouse.com,397493,GET Enterprises,G.E.T. Enterprises
lionsdeal.com,397495,G.E.T.,G.E.T. Enterprises
webstaurantstore.com,397499,GET Enterprises,G.E.T. Enterprises
ablekitchen.com,397501,G.E.T.,G.E.T. Enterprises
katom.com,397503,GET,G.E.T. Enterprises
instawares.com,397505,G.E.T.,G.E.T. Enterprises
instawares.com,397505,GET Enterprises Inc,G.E.T. Enterprises
tigerchef.com,397489,Ginsu,Ginsu
tigerchef.com,397489,Honeywell,Honeywell
lionsdeal.com,397495,Honeywell,Honeywell
instawares.com,397505,Honeywell,Honeywell
instawares.com,397505,Honeywell Environmental,Honeywell
tigerchef.com,397489,Hoover,Hoover
wasserstrom.com,397491,Hoover,Hoover
foodservicewarehouse.com,397493,Hoover,Hoover
webstaurantstore.com,397499,Hoover,Hoover
instawares.com,397505,Hoover,Hoover
ckitchen.com,397487,Hoshizaki,Hoshizaki
tigerchef.com,397489,Hoshizaki,Hoshizaki
wasserstrom.com,397491,Hoshizaki,Hoshizaki
culinarydepotinc.com,397507,Hoshizaki,Hoshizaki
foodservicewarehouse.com,397493,Hoshizaki,Hoshizaki
acitydiscount.com,397497,Hoshizaki Ice Machines,Hoshizaki
webstaurantstore.com,397499,Hoshizaki,Hoshizaki
ablekitchen.com,397501,Hoshizaki Ice Machines,Hoshizaki
katom.com,397503,Hoshizaki,Hoshizaki
instawares.com,397505,Hoshizaki Ice Machines,Hoshizaki
tigerchef.com,397489,International Tableware,International Tableware
wasserstrom.com,397491,International Tableware,International Tableware
foodservicewarehouse.com,397493,International Tableware,International Tableware
instawares.com,397505,"International Tableware, Inc.",International Tableware
tigerchef.com,397489,John Boos,John Boos
wasserstrom.com,397491,John Boos,John Boos
culinarydepotinc.com,397507,John Boos,John Boos
foodservicewarehouse.com,397493,John Boos,John Boos
acitydiscount.com,397497,John Boos & Co,John Boos
ablekitchen.com,397501,John Boos,John Boos
katom.com,397503,John Boos,John Boos
instawares.com,397505,John Boos - Commercial,John Boos
instawares.com,397505,John Boos,John Boos
tigerchef.com,397489,Johnson Rose,Johnson Rose
wasserstrom.com,397491,Johnson-Rose,Johnson Rose
lionsdeal.com,397495,Johnson-Rose,Johnson Rose
ablekitchen.com,397501,Johnson-Rose,Johnson Rose
katom.com,397503,Johnson-Rose,Johnson Rose
instawares.com,397505,Johnson-Rose Corp.,Johnson Rose
instawares.com,397505,Johnson-Rose,Johnson Rose
tigerchef.com,397489,KingZak,KingZak
ckitchen.com,397487,Krowne,Krowne
tigerchef.com,397489,Krowne Metal,Krowne
culinarydepotinc.com,397507,Krowne,Krowne
foodservicewarehouse.com,397493,Krowne Metal,Krowne
acitydiscount.com,397497,Krowne Metal,Krowne
ablekitchen.com,397501,Krowne Metal Corp.,Krowne
katom.com,397503,Krowne,Krowne
instawares.com,397505,Krowne Metal Corporation,Krowne
instawares.com,397505,Krowne Metal,Krowne
tigerchef.com,397489,Libbey,Libbey
wasserstrom.com,397491,Libbey,Libbey
culinarydepotinc.com,397507,Libbey Glass,Libbey
foodservicewarehouse.com,397493,Libbey Glassware,Libbey
lionsdeal.com,397495,Libbey Glass Inc.,Libbey
acitydiscount.com,397497,Libbey,Libbey
webstaurantstore.com,397499,Libbey,Libbey
ablekitchen.com,397501,Libbey Glass,Libbey
katom.com,397503,Libbey Glass,Libbey
instawares.com,397505,Libbey Glassware,Libbey
tigerchef.com,397489,Mercer Tool,Mercer Tool
wasserstrom.com,397491,Mercer Cutlery,Mercer Tool
culinarydepotinc.com,397507,Mercer,Mercer Tool
acitydiscount.com,397497,Mercer Cutlery,Mercer Tool
webstaurantstore.com,397499,Mercer Cutlery,Mercer Tool
katom.com,397503,Mercer Cutlery,Mercer Tool
ckitchen.com,397487,Montague,Montague
tigerchef.com,397489,Montague,Montague
culinarydepotinc.com,397507,Montague,Montague
acitydiscount.com,397497,Montague,Montague
instawares.com,397505,Montague,Montague
tigerchef.com,397489,Mundial,Mundial
wasserstrom.com,397491,Mundial,Mundial
culinarydepotinc.com,397507,Mundial,Mundial
foodservicewarehouse.com,397493,Mundial,Mundial
ablekitchen.com,397501,Mundial,Mundial
katom.com,397503,Mundial,Mundial
instawares.com,397505,Johnson-Rose Corp.,Mundial
instawares.com,397505,Mundial,Mundial
tigerchef.com,397489,Nemco,Nemco
wasserstrom.com,397491,Nemco,Nemco
foodservicewarehouse.com,397493,Nemco,Nemco
lionsdeal.com,397495,Nemco,Nemco
acitydiscount.com,397497,Nemco,Nemco
webstaurantstore.com,397499,Nemco,Nemco
ablekitchen.com,397501,Nemco Food Equipment,Nemco
katom.com,397503,Nemco,Nemco
instawares.com,397505,Nemco,Nemco
tigerchef.com,397489,Nexel,Nexel
ablekitchen.com,397501,Nexel Nexshelf Restaurant Shelving,Nexel
instawares.com,397505,"Nexel Industries, Inc",Nexel
ckitchen.com,397487,Norlake,Nor-lake
tigerchef.com,397489,Nor-lake,Nor-lake
wasserstrom.com,397491,Nor-lake,Nor-lake
culinarydepotinc.com,397507,Nor-lake,Nor-lake
acitydiscount.com,397497,Nor-Lake Refrigeration,Nor-lake
acitydiscount.com,397497,Nor-lake,Nor-lake
webstaurantstore.com,397499,Nor-lake,Nor-lake
ablekitchen.com,397501,Nor-lake,Nor-lake
katom.com,397503,Norlake,Nor-lake
tigerchef.com,397489,Omron,Omron
tigerchef.com,397489,Oregon Scientific,Oregon Scientific
tigerchef.com,397489,Pitco Frialator,Pitco Frialator
wasserstrom.com,397491,Pitco,Pitco Frialator
culinarydepotinc.com,397507,Pitco,Pitco Frialator
foodservicewarehouse.com,397493,Pitco,Pitco Frialator
acitydiscount.com,397497,Pitco,Pitco Frialator
ablekitchen.com,397501,Pitco Frialator Commercial Fryers,Pitco Frialator
katom.com,397503,Pitco,Pitco Frialator
instawares.com,397505,Pitco,Pitco Frialator
tigerchef.com,397489,Precision Pours,Precision Pours
instawares.com,397505,Precision Pours,Precision Pours
tigerchef.com,397489,Presto,Presto
wasserstrom.com,397491,National Presto Industries,Presto
katom.com,397503,Presto,Presto
tigerchef.com,397489,Ragalta,Ragalta
tigerchef.com,397489,Royal Industries,Royal Industries
foodservicewarehouse.com,397493,Royal Industries,Royal Industries
lionsdeal.com,397495,Royal Industries,Royal Industries
ablekitchen.com,397501,Royal Industries,Royal Industries
katom.com,397503,Royal Industries,Royal Industries
instawares.com,397505,"Royal Industries, Inc.",Royal Industries
instawares.com,397505,Royal Industries,Royal Industries
ckitchen.com,397487,Adcraft,Rubbermaid
tigerchef.com,397489,Rubbermaid,Rubbermaid
wasserstrom.com,397491,Rubbermaid,Rubbermaid
culinarydepotinc.com,397507,Rubbermaid,Rubbermaid
foodservicewarehouse.com,397493,Rubbermaid,Rubbermaid
lionsdeal.com,397495,RUBBERMAID COMMERCIAL PRODUCTS,Rubbermaid
lionsdeal.com,397495,RUBBERMAID,Rubbermaid
lionsdeal.com,397495,Rubbermaid Commercial,Rubbermaid
acitydiscount.com,397497,Rubbermaid,Rubbermaid
webstaurantstore.com,397499,Rubbermaid,Rubbermaid
ablekitchen.com,397501,Royal Industries,Rubbermaid
ablekitchen.com,397501,Rubbermaid,Rubbermaid
katom.com,397503,Rubbermaid,Rubbermaid
instawares.com,397505,Rubbermaid Commercial,Rubbermaid
instawares.com,397505,RUBBERMAID HOME PRODUCTS,Rubbermaid
instawares.com,397505,Rubbermaid,Rubbermaid
tigerchef.com,397489,San Jamar,San Jamar
wasserstrom.com,397491,San Jamar,San Jamar
culinarydepotinc.com,397507,San Jamar,San Jamar
foodservicewarehouse.com,397493,San Jamar,San Jamar
lionsdeal.com,397495,SAN JAMAR,San Jamar
acitydiscount.com,397497,San Jamar / Chef Revival,San Jamar
acitydiscount.com,397497,SAN JAMAR DISPENSER,San Jamar
webstaurantstore.com,397499,San Jamar,San Jamar
ablekitchen.com,397501,Royal Industries,San Jamar
ablekitchen.com,397501,San Jamar,San Jamar
katom.com,397503,San Jamar,San Jamar
instawares.com,397505,San Jamar,San Jamar
tigerchef.com,397489,Sharp,Sharp
wasserstrom.com,397491,Sharp Microwaves,Sharp
lionsdeal.com,397495,Sharp,Sharp
acitydiscount.com,397497,Sharp,Sharp
katom.com,397503,Sharp,Sharp
instawares.com,397505,Sharp Electronics Corporation,Sharp
instawares.com,397505,Sharp,Sharp
tigerchef.com,397489,Southbend,Southbend
wasserstrom.com,397491,Southbend,Southbend
culinarydepotinc.com,397507,Southbend,Southbend
foodservicewarehouse.com,397493,Southbend,Southbend
acitydiscount.com,397497,Southbend,Southbend
ablekitchen.com,397501,Southbend Restaurant Ranges,Southbend
katom.com,397503,Southbend,Southbend
tigerchef.com,397489,Stanton Trading,Stanton Trading
wasserstrom.com,397491,Stanton Trading,Stanton Trading
lionsdeal.com,397495,Stanton,Stanton Trading
ckitchen.com,397487,Star,Star
tigerchef.com,397489,Star,Star
wasserstrom.com,397491,Star Manufacturing,Star
culinarydepotinc.com,397507,Star,Star
foodservicewarehouse.com,397493,Star,Star
acitydiscount.com,397497,Star Manufacturing,Star
webstaurantstore.com,397499,Star,Star
ablekitchen.com,397501,Star Manufacturing Intl,Star
katom.com,397503,Star Manufacturing,Star
instawares.com,397505,Star Manufacturing,Star
tigerchef.com,397489,Sunbeam,Sunbeam
acitydiscount.com,397497,"Sunbeam Products, Inc",Sunbeam
tigerchef.com,397489,Tablecraft,Tablecraft
wasserstrom.com,397491,Tablecraft Products,Tablecraft
culinarydepotinc.com,397507,Tablecraft,Tablecraft
foodservicewarehouse.com,397493,Tablecraft,Tablecraft
lionsdeal.com,397495,TableCraft,Tablecraft
webstaurantstore.com,397499,Tablecraft,Tablecraft
ablekitchen.com,397501,TableCraft,Tablecraft
katom.com,397503,Tablecraft,Tablecraft
instawares.com,397505,TableCraft Products Company,Tablecraft
tigerchef.com,397489,Thunder Group,Thunder Group
wasserstrom.com,397491,Thunder Group,Thunder Group
culinarydepotinc.com,397507,Thunder Group,Thunder Group
foodservicewarehouse.com,397493,Thunder Group,Thunder Group
lionsdeal.com,397495,Thunder Group,Thunder Group
ablekitchen.com,397501,Thunder Group,Thunder Group
instawares.com,397505,"Thunder Group, Inc","Thunder Group, Inc"
ckitchen.com,397487,Toastmaster,Toastmaster
tigerchef.com,397489,Toastmaster,Toastmaster
wasserstrom.com,397491,Toastmaster,Toastmaster
acitydiscount.com,397497,Toastmaster,Toastmaster
webstaurantstore.com,397499,Toastmaster,Toastmaster
katom.com,397503,Toastmaster,Toastmaster
instawares.com,397505,Toastmaster,Toastmaster
instawares.com,397505,TOAST MASTER INC.,Toastmaster
tigerchef.com,397489,True Refrigeration,True Refrigeration
wasserstrom.com,397491,True Food Service,True Refrigeration
culinarydepotinc.com,397507,True Refrigeration,True Refrigeration
foodservicewarehouse.com,397493,TRUE,True Refrigeration
acitydiscount.com,397497,True Manufacturing,True Refrigeration
acitydiscount.com,397497,True Refrigeration,True Refrigeration
webstaurantstore.com,397499,True Refrigeration,True Refrigeration
ablekitchen.com,397501,True Refrigerators and Freezers,True Refrigeration
katom.com,397503,TRUE Refrigeration,True Refrigeration
instawares.com,397505,True Refrigeration,True Refrigeration
instawares.com,397505,TRUE,True Refrigeration
ckitchen.com,397487,Turbo Air,Turbo Air
tigerchef.com,397489,Turbo Air,Turbo Air
wasserstrom.com,397491,Turbo Air,Turbo Air
culinarydepotinc.com,397507,Turbo Air,Turbo Air
foodservicewarehouse.com,397493,Turbo Air,Turbo Air
acitydiscount.com,397497,Turbo Air,Turbo Air
webstaurantstore.com,397499,Turbo Air,Turbo Air
ablekitchen.com,397501,Turbo Air,Turbo Air
katom.com,397503,Turbo Air,Turbo Air
instawares.com,397505,Turbo Air,Turbo Air
ckitchen.com,397487,Tuxton China,Tuxton China
ckitchen.com,397487,Tuxton,Tuxton China
tigerchef.com,397489,Tuxton China,Tuxton China
wasserstrom.com,397491,Tuxton China,Tuxton China
culinarydepotinc.com,397507,Tuxton China,Tuxton China
lionsdeal.com,397495,Tuxton,Tuxton China
acitydiscount.com,397497,Tuxton China Inc,Tuxton China
webstaurantstore.com,397499,Tuxton,Tuxton China
ablekitchen.com,397501,Tuxton,Tuxton China
katom.com,397503,Tuxton,Tuxton China
instawares.com,397505,Tuxton®©,Tuxton China
instawares.com,397505,Tuxton China,Tuxton China
tigerchef.com,397489,Update International,Update International
wasserstrom.com,397491,Update International,Update International
culinarydepotinc.com,397507,Update International,Update International
foodservicewarehouse.com,397493,Update International,Update International
lionsdeal.com,397495,Update International,Update International
acitydiscount.com,397497,Update International,Update International
ablekitchen.com,397501,Update International,Update International
katom.com,397503,Update International,Update International
instawares.com,397505,Update International,Update International
tigerchef.com,397489,Vertex,Vertex
wasserstrom.com,397491,Vertex China,Vertex
ablekitchen.com,397501,Vertex China and Dinnerware,Vertex
instawares.com,397505,Vertex China,Vertex
tigerchef.com,397489,Victorinox,Victorinox
wasserstrom.com,397491,Victorinox,Victorinox
culinarydepotinc.com,397507,Victorinox-Forschner,Victorinox
foodservicewarehouse.com,397493,Victorinox,Victorinox
webstaurantstore.com,397499,Victorinox,Victorinox
ablekitchen.com,397501,Forschner Knives and Cutlery,Victorinox
katom.com,397503,Victorinox - Swiss Army,Victorinox
instawares.com,397505,RH Forschner,Victorinox
instawares.com,397505,Victorinox,Victorinox
tigerchef.com,397489,Victory,Victory
wasserstrom.com,397491,Victory Refrigeration,Victory
culinarydepotinc.com,397507,Victory,Victory
foodservicewarehouse.com,397493,Victory,Victory
lionsdeal.com,397495,Victory,Victory
acitydiscount.com,397497,Victory,Victory
acitydiscount.com,397497,Victory Refrigeration,Victory
katom.com,397503,Victory Refrigeration,Victory
instawares.com,397505,Victory Refrigeration Company,Victory
tigerchef.com,397489,Vollrath,Vollrath
wasserstrom.com,397491,Vollrath,Vollrath
culinarydepotinc.com,397507,Vollrath,Vollrath
foodservicewarehouse.com,397493,Vollrath,Vollrath
acitydiscount.com,397497,Vollrath,Vollrath
webstaurantstore.com,397499,Vollrath,Vollrath
katom.com,397503,Vollrath,Vollrath
instawares.com,397505,Vollrath,Vollrath
tigerchef.com,397489,Walco,Walco
wasserstrom.com,397491,Walco Organization,Walco
wasserstrom.com,397491,Walco Stainless,Walco
foodservicewarehouse.com,397493,Walco,Walco
ablekitchen.com,397501,Walco,Walco
katom.com,397503,Walco,Walco
instawares.com,397505,Walco,Walco
tigerchef.com,397489,Waring,Waring
wasserstrom.com,397491,Waring Products,Waring
culinarydepotinc.com,397507,Waring,Waring
foodservicewarehouse.com,397493,Waring,Waring
acitydiscount.com,397497,Waring,Waring
webstaurantstore.com,397499,Waring,Waring
ablekitchen.com,397501,Waring (division of Conair),Waring
katom.com,397503,Waring,Waring
instawares.com,397505,Waring Commercial,Waring
tigerchef.com,397489,Wells,Wells
wasserstrom.com,397491,Wells Manufacturing,Wells
culinarydepotinc.com,397507,Wells,Wells
acitydiscount.com,397497,Wells,Wells
webstaurantstore.com,397499,Wells,Wells
ablekitchen.com,397501,Wells Commercial Cooking Equipment,Wells
katom.com,397503,Wells,Wells
instawares.com,397505,Wells,Wells
tigerchef.com,397489,Winco,Winco
wasserstrom.com,397491,Winco,Winco
culinarydepotinc.com,397507,Winco,Winco
lionsdeal.com,397495,Winco,Winco
ablekitchen.com,397501,Winco,Winco
katom.com,397503,Winco,Winco
instawares.com,397505,Winco D.W.L.,Winco
instawares.com,397505,Winco,Winco